id,time,H,T
1512948600.cx.snap.jpg,1512948600,0.73,13.75
1513983600.cx.snap.jpg,1513983600,0.5,11.04
1515445200.cx.snap.jpg,1515445200,0.61,11.28
1516476600.cx.snap.jpg,1516476600,1.6,13.57
1515533400.cx.snap.jpg,1515533400,0.82,15.61
1515443400.cx.snap.jpg,1515443400,0.63,10.75
1514930400.cx.snap.jpg,1514930400,0.71,14.54
1516395600.cx.snap.jpg,1516395600,2.24,15.62
1514939400.cx.snap.jpg,1514939400,0.69,14.42
1516383000.cx.snap.jpg,1516383000,2.47,15.29
1516721400.cx.snap.jpg,1516721400,1.2,11.6
1513186200.cx.snap.jpg,1513186200,1.26,12.61
1514736000.cx.snap.jpg,1514736000,0.55,10.8
1515868200.cx.snap.jpg,1515868200,1.09,15.62
1513108800.cx.snap.jpg,1513108800,0.9,14.18
1515007800.cx.snap.jpg,1515007800,0.75,12.84
1515526200.cx.snap.jpg,1515526200,0.93,15.93
1513706400.cx.snap.jpg,1513706400,0.4,11.03
1516836600.cx.snap.jpg,1516836600,0.68,18.59
1515956400.cx.snap.jpg,1515956400,0.76,15.16
1516059000.cx.snap.jpg,1516059000,1.66,17.26
1515011400.cx.snap.jpg,1515011400,0.75,13.34
1517184000.cx.snap.jpg,1517184000,0.84,10.84
1512682200.cx.snap.jpg,1512682200,0.44,14.85
1512939600.cx.snap.jpg,1512939600,0.7,12.98
1517256000.cx.snap.jpg,1517256000,0.54,9.97
1514143800.cx.snap.jpg,1514143800,0.49,10.89
1513456200.cx.snap.jpg,1513456200,1.49,11.65
1512862200.cx.snap.jpg,1512862200,0.7,14.18
1512941400.cx.snap.jpg,1512941400,0.7,12.98
1514581200.cx.snap.jpg,1514581200,0.69,10.71
1513711800.cx.snap.jpg,1513711800,0.42,16.39
1516219200.cx.snap.jpg,1516219200,1.92,13.7
1515524400.cx.snap.jpg,1515524400,1.01,15.59
1513722600.cx.snap.jpg,1513722600,0.47,16.03
1517333400.cx.snap.jpg,1517333400,0.55,9.94
1517347800.cx.snap.jpg,1517347800,0.59,9.82
1516813200.cx.snap.jpg,1516813200,0.88,23.09
1515713400.cx.snap.jpg,1515713400,1.11,16.3
1516401000.cx.snap.jpg,1516401000,2.33,15.37
1513627200.cx.snap.jpg,1513627200,0.48,11.08
1515691800.cx.snap.jpg,1515691800,1.14,14.34
1514133000.cx.snap.jpg,1514133000,0.52,15.48
1514332800.cx.snap.jpg,1514332800,0.8,13.71
1516033800.cx.snap.jpg,1516033800,1.23,22.53
1513371600.cx.snap.jpg,1513371600,1.28,14.81
1516303800.cx.snap.jpg,1516303800,1.57,13.42
1516145400.cx.snap.jpg,1516145400,1.9,16.39
1513035000.cx.snap.jpg,1513035000,0.84,15.1
1513546200.cx.snap.jpg,1513546200,0.75,11.38
1513101600.cx.snap.jpg,1513101600,0.95,15.64
1513630800.cx.snap.jpg,1513630800,0.49,10.81
1513013400.cx.snap.jpg,1513013400,0.86,12.88
1513468800.cx.snap.jpg,1513468800,1.17,13.43
1512579600.cx.snap.jpg,1512579600,0.6,15.66
1515186000.cx.snap.jpg,1515186000,1.11,14.05
1513960200.cx.snap.jpg,1513960200,0.66,11.09
1513807200.cx.snap.jpg,1513807200,0.86,14.19
1516141800.cx.snap.jpg,1516141800,1.78,16.15
1517166000.cx.snap.jpg,1517166000,0.84,10.15
1513015200.cx.snap.jpg,1513015200,0.79,15.4
1514149200.cx.snap.jpg,1514149200,0.44,10.84
1514680200.cx.snap.jpg,1514680200,0.55,12.36
1515103200.cx.snap.jpg,1515103200,1.21,15.39
1516390200.cx.snap.jpg,1516390200,2.51,15.96
1517074200.cx.snap.jpg,1517074200,1.08,11.68
1514327400.cx.snap.jpg,1514327400,0.79,13.45
1513441800.cx.snap.jpg,1513441800,1.26,14.52
1513206000.cx.snap.jpg,1513206000,1.11,13
1514147400.cx.snap.jpg,1514147400,0.47,10.83
1516550400.cx.snap.jpg,1516550400,1.39,13.38
1514412000.cx.snap.jpg,1514412000,0.68,14.96
1517158800.cx.snap.jpg,1517158800,0.79,11.84
1513112400.cx.snap.jpg,1513112400,0.94,13.96
1516048200.cx.snap.jpg,1516048200,1.36,17.14
1514223000.cx.snap.jpg,1514223000,0.66,16.53
1514331000.cx.snap.jpg,1514331000,0.83,13.2
1517088600.cx.snap.jpg,1517088600,1.04,10.96
1515609000.cx.snap.jpg,1515609000,1.88,12.32
1513715400.cx.snap.jpg,1513715400,0.45,10.76
1516825800.cx.snap.jpg,1516825800,0.76,23.18
1513801800.cx.snap.jpg,1513801800,1.7,11.87
1513375200.cx.snap.jpg,1513375200,1.28,14.81
1515880800.cx.snap.jpg,1515880800,1.01,12.47
1512577800.cx.snap.jpg,1512577800,0.6,15.66
1517259600.cx.snap.jpg,1517259600,0.55,9.8
1513116000.cx.snap.jpg,1513116000,0.94,13.96
1514914200.cx.snap.jpg,1514914200,0.66,15.47
1517077800.cx.snap.jpg,1517077800,1.09,12.35
1512684000.cx.snap.jpg,1512684000,0.44,14.85
1514399400.cx.snap.jpg,1514399400,0.69,14.37
1517155200.cx.snap.jpg,1517155200,0.71,11.78
1513884600.cx.snap.jpg,1513884600,0.87,12.13
1517007600.cx.snap.jpg,1517007600,1.61,13.97
1516644000.cx.snap.jpg,1516644000,1.33,14.16
1517094000.cx.snap.jpg,1517094000,0.9,10.91
1516487400.cx.snap.jpg,1516487400,1.53,14.57
1515974400.cx.snap.jpg,1515974400,0.73,15.26
1512594000.cx.snap.jpg,1512594000,0.6,15.66
1515882600.cx.snap.jpg,1515882600,1.07,14.26
1516320000.cx.snap.jpg,1516320000,2.32,18.04
1516204800.cx.snap.jpg,1516204800,1.95,14.44
1516125600.cx.snap.jpg,1516125600,1.85,16.29
1514588400.cx.snap.jpg,1514588400,0.73,11.23
1516581000.cx.snap.jpg,1516581000,1.08,11.6
1513465200.cx.snap.jpg,1513465200,1.34,13.53
1514847600.cx.snap.jpg,1514847600,0.44,14.81
1515022200.cx.snap.jpg,1515022200,0.74,12.65
1513537200.cx.snap.jpg,1513537200,0.86,12.5
1514842200.cx.snap.jpg,1514842200,0.41,14.14
1513022400.cx.snap.jpg,1513022400,0.82,15.98
1514656800.cx.snap.jpg,1514656800,0.66,11.59
1514853000.cx.snap.jpg,1514853000,0.44,14.08
1516127400.cx.snap.jpg,1516127400,1.85,16.29
1515272400.cx.snap.jpg,1515272400,1.18,11.93
1514421000.cx.snap.jpg,1514421000,0.72,14.7
1517068800.cx.snap.jpg,1517068800,1.15,9.64
1512599400.cx.snap.jpg,1512599400,0.6,15.66
1515519000.cx.snap.jpg,1515519000,0.99,7.16
1515169800.cx.snap.jpg,1515169800,1.1,13.16
1513454400.cx.snap.jpg,1513454400,1.38,9.12
1517257800.cx.snap.jpg,1517257800,0.55,9.21
1517328000.cx.snap.jpg,1517328000,0.55,9.03
1514241000.cx.snap.jpg,1514241000,0.86,16.06
1513351800.cx.snap.jpg,1513351800,1.28,15.42
1515529800.cx.snap.jpg,1515529800,0.95,15.34
1512775800.cx.snap.jpg,1512775800,0.59,15.03
1516392000.cx.snap.jpg,1516392000,2.51,15.96
1513728000.cx.snap.jpg,1513728000,0.44,14.43
1512855000.cx.snap.jpg,1512855000,0.7,15.16
1515106800.cx.snap.jpg,1515106800,1.38,16.08
1516570200.cx.snap.jpg,1516570200,1.17,13.44
1516662000.cx.snap.jpg,1516662000,1.45,14.81
1512770400.cx.snap.jpg,1512770400,0.6,15.35
1514136600.cx.snap.jpg,1514136600,0.44,13.78
1514156400.cx.snap.jpg,1514156400,0.46,12.19
1513188000.cx.snap.jpg,1513188000,1.13,13.28
1515690000.cx.snap.jpg,1515690000,1.14,14.34
1513207800.cx.snap.jpg,1513207800,0.93,11.99
1513643400.cx.snap.jpg,1513643400,0.45,9.14
1513533600.cx.snap.jpg,1513533600,0.86,12.5
1514916000.cx.snap.jpg,1514916000,0.64,15.43
1516636800.cx.snap.jpg,1516636800,1.12,14.17
1515108600.cx.snap.jpg,1515108600,1.46,17.04
1515875400.cx.snap.jpg,1515875400,1.15,12.81
1513634400.cx.snap.jpg,1513634400,0.49,10.81
1514048400.cx.snap.jpg,1514048400,0.47,14.6
1513182600.cx.snap.jpg,1513182600,1.07,12.72
1514415600.cx.snap.jpg,1514415600,1.29,12.21
1516206600.cx.snap.jpg,1516206600,1.7,13.81
1517326200.cx.snap.jpg,1517326200,0.55,9.03
1516575600.cx.snap.jpg,1516575600,1.11,13.42
1515535200.cx.snap.jpg,1515535200,0.82,15.61
1513809000.cx.snap.jpg,1513809000,0.86,12.75
1515717000.cx.snap.jpg,1515717000,1.14,12.11
1514739600.cx.snap.jpg,1514739600,0.52,12.69
1513875600.cx.snap.jpg,1513875600,0.95,12.1
1515171600.cx.snap.jpg,1515171600,1.1,13.16
1516739400.cx.snap.jpg,1516739400,1.14,13.74
1517162400.cx.snap.jpg,1517162400,0.84,10.15
1515781800.cx.snap.jpg,1515781800,1.12,15.37
1513526400.cx.snap.jpg,1513526400,0.91,12.61
1514997000.cx.snap.jpg,1514997000,0.79,12.03
1515515400.cx.snap.jpg,1515515400,0.98,7.13
1513357200.cx.snap.jpg,1513357200,1.14,16.23
1516996800.cx.snap.jpg,1516996800,1.79,14.25
1513899000.cx.snap.jpg,1513899000,0.87,11.4
1514235600.cx.snap.jpg,1514235600,0.95,16.45
1514064600.cx.snap.jpg,1514064600,0.42,15.35
1517356800.cx.snap.jpg,1517356800,0.57,13.03
1515191400.cx.snap.jpg,1515191400,0.9,13.52
1513629000.cx.snap.jpg,1513629000,0.5,10.81
1516827600.cx.snap.jpg,1516827600,0.71,22.34
1512937800.cx.snap.jpg,1512937800,0.73,13.34
1514570400.cx.snap.jpg,1514570400,0.64,11.51
1515614400.cx.snap.jpg,1515614400,1.9,11.52
1513184400.cx.snap.jpg,1513184400,1.07,12.72
1514678400.cx.snap.jpg,1514678400,0.55,12.36
1516748400.cx.snap.jpg,1516748400,1.04,12.78
1514647800.cx.snap.jpg,1514647800,0.61,10.91
1517085000.cx.snap.jpg,1517085000,1.03,10.85
1516572000.cx.snap.jpg,1516572000,1.17,13.44
1513353600.cx.snap.jpg,1513353600,1.28,15.42
1513438200.cx.snap.jpg,1513438200,1.06,13.12
1515871800.cx.snap.jpg,1515871800,1.11,14.09
1515013200.cx.snap.jpg,1515013200,0.72,13.51
1514066400.cx.snap.jpg,1514066400,0.42,15.35
1516660200.cx.snap.jpg,1516660200,1.45,14.81
1515798000.cx.snap.jpg,1515798000,1.02,15.22
1516737600.cx.snap.jpg,1516737600,1.08,12.39
1516235400.cx.snap.jpg,1516235400,1.59,13.62
1515177000.cx.snap.jpg,1515177000,1.01,14.79
1514059200.cx.snap.jpg,1514059200,0.51,15.02
1516140000.cx.snap.jpg,1516140000,1.7,15.8
1516833000.cx.snap.jpg,1516833000,0.67,11.08
1515344400.cx.snap.jpg,1515344400,0.79,12.97
1514062800.cx.snap.jpg,1514062800,0.42,15.35
1515799800.cx.snap.jpg,1515799800,1.25,18.33
1515452400.cx.snap.jpg,1515452400,0.59,9.43
1512847800.cx.snap.jpg,1512847800,0.9,14.71
1517171400.cx.snap.jpg,1517171400,0.81,10.01
1513360800.cx.snap.jpg,1513360800,1.27,15.99
1515540600.cx.snap.jpg,1515540600,0.94,15.62
1517083200.cx.snap.jpg,1517083200,1.11,13.07
1516316400.cx.snap.jpg,1516316400,1.69,17.68
1515187800.cx.snap.jpg,1515187800,1.11,14.05
1516478400.cx.snap.jpg,1516478400,1.6,13.57
1514671200.cx.snap.jpg,1514671200,0.61,12.12
1513528200.cx.snap.jpg,1513528200,0.95,12.24
1513621800.cx.snap.jpg,1513621800,0.48,10.29
1515340800.cx.snap.jpg,1515340800,0.8,13.41
1512835200.cx.snap.jpg,1512835200,1.04,15.39
1512952200.cx.snap.jpg,1512952200,0.7,13.71
1516221000.cx.snap.jpg,1516221000,1.84,13.66
1516818600.cx.snap.jpg,1516818600,0.74,23.1
1515605400.cx.snap.jpg,1515605400,1.88,11.91
1516651200.cx.snap.jpg,1516651200,1.22,13.66
1514579400.cx.snap.jpg,1514579400,0.77,11.54
1514912400.cx.snap.jpg,1514912400,0.73,15.76
1514831400.cx.snap.jpg,1514831400,0.42,13.85
1513027800.cx.snap.jpg,1513027800,0.85,13.79
1514734200.cx.snap.jpg,1514734200,0.55,10.8
1517090400.cx.snap.jpg,1517090400,1.04,10.96
1512759600.cx.snap.jpg,1512759600,0.59,14.6
1516564800.cx.snap.jpg,1516564800,1.51,13.35
1515175200.cx.snap.jpg,1515175200,1.01,14.79
1512671400.cx.snap.jpg,1512671400,0.47,14.46
1517261400.cx.snap.jpg,1517261400,0.55,9.8
1516984200.cx.snap.jpg,1516984200,1.64,13.52
1514061000.cx.snap.jpg,1514061000,0.41,14.29
1515888000.cx.snap.jpg,1515888000,1.02,14.59
1515780000.cx.snap.jpg,1515780000,1.12,15.37
1515601800.cx.snap.jpg,1515601800,1.9,12.14
1514403000.cx.snap.jpg,1514403000,0.66,14.15
1515173400.cx.snap.jpg,1515173400,1.14,14.03
1515015000.cx.snap.jpg,1515015000,0.72,13.51
1515432600.cx.snap.jpg,1515432600,0.58,10.05
1512766800.cx.snap.jpg,1512766800,0.6,15.35
1515427200.cx.snap.jpg,1515427200,0.6,10.63
1513107000.cx.snap.jpg,1513107000,0.9,14.18
1516579200.cx.snap.jpg,1516579200,1.08,11.6
1513886400.cx.snap.jpg,1513886400,0.87,12.13
1516393800.cx.snap.jpg,1516393800,2.24,15.62
1513548000.cx.snap.jpg,1513548000,0.75,11.38
1512676800.cx.snap.jpg,1512676800,0.46,13.31
1516226400.cx.snap.jpg,1516226400,1.65,14.47
1517245200.cx.snap.jpg,1517245200,0.54,9.99
1515771000.cx.snap.jpg,1515771000,1.12,15.12
1516143600.cx.snap.jpg,1516143600,1.78,16.15
1516309200.cx.snap.jpg,1516309200,1.56,22.88
1516294800.cx.snap.jpg,1516294800,1.61,14.58
1513449000.cx.snap.jpg,1513449000,1.43,11.57
1515016800.cx.snap.jpg,1515016800,0.72,13.51
1512765000.cx.snap.jpg,1512765000,0.55,15.3
1513729800.cx.snap.jpg,1513729800,0.44,14.43
1513702800.cx.snap.jpg,1513702800,0.44,9.92
1516060800.cx.snap.jpg,1516060800,1.71,17.34
1513359000.cx.snap.jpg,1513359000,1.19,15.38
1515258000.cx.snap.jpg,1515258000,1.26,12.17
1513870200.cx.snap.jpg,1513870200,0.87,12.63
1516057200.cx.snap.jpg,1516057200,1.65,17.95
1512603000.cx.snap.jpg,1512603000,0.6,15.66
1516642200.cx.snap.jpg,1516642200,1.14,14.51
1513891800.cx.snap.jpg,1513891800,0.86,11.79
1515101400.cx.snap.jpg,1515101400,1.21,15.39
1515715200.cx.snap.jpg,1515715200,1.14,12.11
1517153400.cx.snap.jpg,1517153400,0.71,11.78
1513699200.cx.snap.jpg,1513699200,0.51,11.13
1513611000.cx.snap.jpg,1513611000,0.52,10.19
1516044600.cx.snap.jpg,1516044600,1.53,19.61
1512660600.cx.snap.jpg,1512660600,0.54,14.41
1514662200.cx.snap.jpg,1514662200,0.61,10.18
1516566600.cx.snap.jpg,1516566600,1.21,12.74
1512680400.cx.snap.jpg,1512680400,0.44,14.85
1515184200.cx.snap.jpg,1515184200,1.09,13.38
1515362400.cx.snap.jpg,1515362400,0.77,12.1
1514755800.cx.snap.jpg,1514755800,0.58,10.28
1514925000.cx.snap.jpg,1514925000,0.67,15.4
1513544400.cx.snap.jpg,1513544400,0.75,11.38
1517157000.cx.snap.jpg,1517157000,0.79,11.84
1514833200.cx.snap.jpg,1514833200,0.42,13.85
1515099600.cx.snap.jpg,1515099600,1.21,15.39
1512588600.cx.snap.jpg,1512588600,0.6,15.66
1514394000.cx.snap.jpg,1514394000,0.67,12.29
1512581400.cx.snap.jpg,1512581400,0.6,15.66
1516912200.cx.snap.jpg,1516912200,1.15,9.08
1515020400.cx.snap.jpg,1515020400,0.95,12.21
1514246400.cx.snap.jpg,1514246400,0.78,16.17
1515252600.cx.snap.jpg,1515252600,1.01,12.43
1513962000.cx.snap.jpg,1513962000,0.66,11.09
1513555200.cx.snap.jpg,1513555200,0.79,11.65
1513792800.cx.snap.jpg,1513792800,0.72,14.66
1512950400.cx.snap.jpg,1512950400,0.7,13.71
1514934000.cx.snap.jpg,1514934000,0.69,14.58
1513810800.cx.snap.jpg,1513810800,0.86,12.75
1515439800.cx.snap.jpg,1515439800,0.6,9.53
1513724400.cx.snap.jpg,1513724400,0.47,16.03
1514230200.cx.snap.jpg,1514230200,0.77,17.78
1514226600.cx.snap.jpg,1514226600,0.74,16.4
1514838600.cx.snap.jpg,1514838600,0.42,13.92
1513638000.cx.snap.jpg,1513638000,0.51,8.52
1512757800.cx.snap.jpg,1512757800,0.59,14.6
1516831200.cx.snap.jpg,1516831200,0.71,22.34
1516032000.cx.snap.jpg,1516032000,1.07,22.61
1516561200.cx.snap.jpg,1516561200,1.36,12.93
1517340600.cx.snap.jpg,1517340600,0.58,9.49
1512693000.cx.snap.jpg,1512693000,0.57,15
1515349800.cx.snap.jpg,1515349800,0.78,13.4
1515268800.cx.snap.jpg,1515268800,1.21,9.29
1515693600.cx.snap.jpg,1515693600,1.04,13.54
1516989600.cx.snap.jpg,1516989600,1.56,14.5
1517272200.cx.snap.jpg,1517272200,0.56,9.3
1516399200.cx.snap.jpg,1516399200,2.33,15.37
1513872000.cx.snap.jpg,1513872000,0.87,12.63
1515801600.cx.snap.jpg,1515801600,1.16,18.32
1514835000.cx.snap.jpg,1514835000,0.4,13.98
1516312800.cx.snap.jpg,1516312800,1.56,22.88
1513459800.cx.snap.jpg,1513459800,1.34,12.53
1515000600.cx.snap.jpg,1515000600,0.77,11.57
1512851400.cx.snap.jpg,1512851400,0.88,14.53
1517331600.cx.snap.jpg,1517331600,0.55,10.07
1516483800.cx.snap.jpg,1516483800,1.5,13.53
1514575800.cx.snap.jpg,1514575800,0.8,11.16
1516822200.cx.snap.jpg,1516822200,0.72,12.03
1515513600.cx.snap.jpg,1515513600,0.98,7.45
1515112200.cx.snap.jpg,1515112200,1.5,16.97
1515009600.cx.snap.jpg,1515009600,0.75,12.84
1514928600.cx.snap.jpg,1514928600,0.71,14.54
1516467600.cx.snap.jpg,1516467600,1.66,14.23
1513362600.cx.snap.jpg,1513362600,1.27,15.99
1513364400.cx.snap.jpg,1513364400,1.27,15.99
1513366200.cx.snap.jpg,1513366200,1.13,15.9
1516896000.cx.snap.jpg,1516896000,1.22,8.35
1516381200.cx.snap.jpg,1516381200,2.14,15.57
1516840200.cx.snap.jpg,1516840200,0.62,16.93
1515281400.cx.snap.jpg,1515281400,1.09,12.1
1513026000.cx.snap.jpg,1513026000,0.85,13.79
1512936000.cx.snap.jpg,1512936000,0.74,13.65
1513443600.cx.snap.jpg,1513443600,1.26,14.52
1512669600.cx.snap.jpg,1512669600,0.47,14.46
1515360600.cx.snap.jpg,1515360600,0.77,12.1
1513965600.cx.snap.jpg,1513965600,1.23,11.77
1516746600.cx.snap.jpg,1516746600,1.04,12.78
1517081400.cx.snap.jpg,1517081400,1.11,13.07
1513816200.cx.snap.jpg,1513816200,0.79,13.78
1516406400.cx.snap.jpg,1516406400,2.09,15.72
1514761200.cx.snap.jpg,1514761200,0.72,12.5
1516230000.cx.snap.jpg,1516230000,1.73,14.72
1515706200.cx.snap.jpg,1515706200,1.08,12.82
1512667800.cx.snap.jpg,1512667800,0.57,13.44
1516480200.cx.snap.jpg,1516480200,1.53,13.51
1515441600.cx.snap.jpg,1515441600,0.6,9.53
1513893600.cx.snap.jpg,1513893600,0.86,11.79
1513551600.cx.snap.jpg,1513551600,0.71,12.85
1514232000.cx.snap.jpg,1514232000,0.77,17.78
1512754200.cx.snap.jpg,1512754200,0.59,14.6
1515970800.cx.snap.jpg,1515970800,0.71,14.54
1516408200.cx.snap.jpg,1516408200,2.09,15.72
1514406600.cx.snap.jpg,1514406600,0.67,14.18
1513530000.cx.snap.jpg,1513530000,0.95,12.24
1514935800.cx.snap.jpg,1514935800,0.78,14.76
1515193200.cx.snap.jpg,1515193200,0.9,13.52
1517268600.cx.snap.jpg,1517268600,0.56,9.3
1516735800.cx.snap.jpg,1516735800,1.08,12.39
1517160600.cx.snap.jpg,1517160600,0.86,9.97
1512687600.cx.snap.jpg,1512687600,0.4,14.44
1515256200.cx.snap.jpg,1515256200,1.26,12.17
1516298400.cx.snap.jpg,1516298400,1.42,13.53
1514745000.cx.snap.jpg,1514745000,0.63,11.47
1515522600.cx.snap.jpg,1515522600,1.01,15.59
1514845800.cx.snap.jpg,1514845800,0.44,14.81
1513800000.cx.snap.jpg,1513800000,0.74,14.28
1515198600.cx.snap.jpg,1515198600,0.92,13.99
1514766600.cx.snap.jpg,1514766600,0.59,12.63
1513783800.cx.snap.jpg,1513783800,0.71,15.07
1515279600.cx.snap.jpg,1515279600,1.12,11.64
1514586600.cx.snap.jpg,1514586600,0.73,11.23
1515864600.cx.snap.jpg,1515864600,1,13.24
1516905000.cx.snap.jpg,1516905000,1.11,9.99
1515610800.cx.snap.jpg,1515610800,1.88,12.32
1517266800.cx.snap.jpg,1517266800,0.59,9.73
1514649600.cx.snap.jpg,1514649600,0.61,10.91
1516653000.cx.snap.jpg,1516653000,1.14,13.45
1515961800.cx.snap.jpg,1515961800,0.82,15.44
1514923200.cx.snap.jpg,1514923200,0.68,15.07
1516296600.cx.snap.jpg,1516296600,1.45,13.37
1517337000.cx.snap.jpg,1517337000,0.58,9.63
1513632600.cx.snap.jpg,1513632600,0.49,10.81
1515969000.cx.snap.jpg,1515969000,0.71,14.54
1513033200.cx.snap.jpg,1513033200,0.83,14.46
1513123200.cx.snap.jpg,1513123200,0.86,14.73
1515787200.cx.snap.jpg,1515787200,1.1,15.22
1513179000.cx.snap.jpg,1513179000,1.32,13.25
1515630600.cx.snap.jpg,1515630600,1.55,9.86
1517097600.cx.snap.jpg,1517097600,0.88,10.9
1513029600.cx.snap.jpg,1513029600,0.85,13.79
1515785400.cx.snap.jpg,1515785400,1.1,15.22
1515339000.cx.snap.jpg,1515339000,0.8,13.41
1514664000.cx.snap.jpg,1514664000,0.61,10.18
1516732200.cx.snap.jpg,1516732200,1.09,12.44
1516834800.cx.snap.jpg,1516834800,0.67,11.08
1514131200.cx.snap.jpg,1514131200,0.48,12.69
1515879000.cx.snap.jpg,1515879000,1.01,12.47
1516910400.cx.snap.jpg,1516910400,1.17,9.07
1514392200.cx.snap.jpg,1514392200,0.67,12.29
1516118400.cx.snap.jpg,1516118400,1.77,15.74
1516386600.cx.snap.jpg,1516386600,2.29,15.69
1513888200.cx.snap.jpg,1513888200,0.85,9.01
1514046600.cx.snap.jpg,1514046600,0.47,14.6
1514057400.cx.snap.jpg,1514057400,0.51,15.02
1512864000.cx.snap.jpg,1512864000,0.73,14.69
1517248800.cx.snap.jpg,1517248800,0.6,9.48
1516824000.cx.snap.jpg,1516824000,0.72,12.03
1516914000.cx.snap.jpg,1516914000,1.08,8.91
1515607200.cx.snap.jpg,1515607200,1.88,12.32
1515342600.cx.snap.jpg,1515342600,0.79,12.97
1513902600.cx.snap.jpg,1513902600,0.9,11.89
1513798200.cx.snap.jpg,1513798200,0.74,14.28
1515434400.cx.snap.jpg,1515434400,0.63,16.93
1517250600.cx.snap.jpg,1517250600,0.6,9.48
1515025800.cx.snap.jpg,1515025800,0.73,12.68
1513200600.cx.snap.jpg,1513200600,1.15,13.63
1516464000.cx.snap.jpg,1516464000,1.79,14.15
1513099800.cx.snap.jpg,1513099800,0.87,14.46
1516750200.cx.snap.jpg,1516750200,1.08,14.03
1517265000.cx.snap.jpg,1517265000,0.59,9.73
1516897800.cx.snap.jpg,1516897800,1.18,8.34
1512774000.cx.snap.jpg,1512774000,0.68,15.81
1515619800.cx.snap.jpg,1515619800,1.81,11.98
1515180600.cx.snap.jpg,1515180600,1.11,13.81
1517182200.cx.snap.jpg,1517182200,0.79,10.4
1517176800.cx.snap.jpg,1517176800,0.86,8.95
1517011200.cx.snap.jpg,1517011200,1.41,13.39
1515884400.cx.snap.jpg,1515884400,1.07,14.26
1516555800.cx.snap.jpg,1516555800,1.5,13.4
1514754000.cx.snap.jpg,1514754000,0.58,10.28
1515870000.cx.snap.jpg,1515870000,1.09,15.62
1516926600.cx.snap.jpg,1516926600,1.17,9.82
1517254200.cx.snap.jpg,1517254200,0.54,9.97
1517241600.cx.snap.jpg,1517241600,0.59,9.82
1516743000.cx.snap.jpg,1516743000,1.02,12.33
1515537000.cx.snap.jpg,1515537000,0.9,15.29
1515778200.cx.snap.jpg,1515778200,1.05,16.58
1516208400.cx.snap.jpg,1516208400,1.7,13.81
1516658400.cx.snap.jpg,1516658400,1.32,15.04
1513794600.cx.snap.jpg,1513794600,0.72,14.66
1514593800.cx.snap.jpg,1514593800,0.73,11.83
1517349600.cx.snap.jpg,1517349600,0.59,9.82
1516723200.cx.snap.jpg,1516723200,1.2,11.6
1516491000.cx.snap.jpg,1516491000,1.41,13.71
1512853200.cx.snap.jpg,1512853200,0.7,15.16
1514043000.cx.snap.jpg,1514043000,0.51,15.29
1515618000.cx.snap.jpg,1515618000,1.81,11.98
1517013000.cx.snap.jpg,1517013000,1.41,13.39
1513452600.cx.snap.jpg,1513452600,1.38,9.12
1513031400.cx.snap.jpg,1513031400,0.83,14.46
1513958400.cx.snap.jpg,1513958400,0.64,10.74
1516924800.cx.snap.jpg,1516924800,1.17,9.82
1516147200.cx.snap.jpg,1516147200,1.99,15.32
1517076000.cx.snap.jpg,1517076000,1.09,12.35
1513720800.cx.snap.jpg,1513720800,0.47,14.64
1513458000.cx.snap.jpg,1513458000,1.34,12.53
1515277800.cx.snap.jpg,1515277800,1.12,11.64
1516573800.cx.snap.jpg,1516573800,1.11,13.42
1513963800.cx.snap.jpg,1513963800,0.63,11.08
1515621600.cx.snap.jpg,1515621600,1.81,11.98
1514152800.cx.snap.jpg,1514152800,0.44,10.84
1513461600.cx.snap.jpg,1513461600,1.34,12.53
1512586800.cx.snap.jpg,1512586800,0.6,15.66
1515429000.cx.snap.jpg,1515429000,0.58,10.47
1515454200.cx.snap.jpg,1515454200,0.57,14.36
1512849600.cx.snap.jpg,1512849600,0.9,14.71
1516302000.cx.snap.jpg,1516302000,1.42,13.53
1517355000.cx.snap.jpg,1517355000,0.57,13.03
1514836800.cx.snap.jpg,1514836800,0.4,13.98
1514070000.cx.snap.jpg,1514070000,0.41,14.49
1516640400.cx.snap.jpg,1516640400,1.16,14.15
1512846000.cx.snap.jpg,1512846000,0.78,15.77
1514129400.cx.snap.jpg,1514129400,0.48,12.69
1513463400.cx.snap.jpg,1513463400,1.34,13.53
1515704400.cx.snap.jpg,1515704400,1.08,12.82
1516649400.cx.snap.jpg,1516649400,1.22,13.66
1513467000.cx.snap.jpg,1513467000,1.3,12.19
1514568600.cx.snap.jpg,1514568600,0.67,11.25
1513378800.cx.snap.jpg,1513378800,1.11,15.5
1516730400.cx.snap.jpg,1516730400,1.09,12.44
1513881000.cx.snap.jpg,1513881000,0.86,11.99
1515096000.cx.snap.jpg,1515096000,1.31,15.36
1515774600.cx.snap.jpg,1515774600,1.12,15.7
1515542400.cx.snap.jpg,1515542400,0.88,15.65
1515351600.cx.snap.jpg,1515351600,0.78,13.4
1513114200.cx.snap.jpg,1513114200,0.94,13.96
1512928800.cx.snap.jpg,1512928800,0.64,11.47
1512601200.cx.snap.jpg,1512601200,0.6,15.66
1516559400.cx.snap.jpg,1516559400,1.36,12.93
1516123800.cx.snap.jpg,1516123800,1.74,16.43
1515166200.cx.snap.jpg,1515166200,1.09,13.98
1516667400.cx.snap.jpg,1516667400,1.62,14.85
1512597600.cx.snap.jpg,1512597600,0.6,15.66
1514395800.cx.snap.jpg,1514395800,0.65,14.14
1516217400.cx.snap.jpg,1516217400,1.92,13.7
1516815000.cx.snap.jpg,1516815000,0.88,22.99
1512691200.cx.snap.jpg,1512691200,0.57,15
1514224800.cx.snap.jpg,1514224800,0.74,16.4
1517342400.cx.snap.jpg,1517342400,0.58,9.49
1513791000.cx.snap.jpg,1513791000,0.67,14.22
1513625400.cx.snap.jpg,1513625400,0.48,11.08
1513119600.cx.snap.jpg,1513119600,0.98,14.18
1513524600.cx.snap.jpg,1513524600,0.91,12.61
1512943200.cx.snap.jpg,1512943200,0.7,12.98
1514142000.cx.snap.jpg,1514142000,0.47,14.37
1516039200.cx.snap.jpg,1516039200,1.34,22.33
1516388400.cx.snap.jpg,1516388400,2.29,15.69
1516215600.cx.snap.jpg,1516215600,1.93,13.6
1512768600.cx.snap.jpg,1512768600,0.6,15.35
1515105000.cx.snap.jpg,1515105000,1.38,16.08
1514998800.cx.snap.jpg,1514998800,0.79,12.03
1512689400.cx.snap.jpg,1512689400,1.27,11.91
1517263200.cx.snap.jpg,1517263200,0.55,9.8
1516305600.cx.snap.jpg,1516305600,1.57,13.42
1514592000.cx.snap.jpg,1514592000,0.73,11.83
1514309400.cx.snap.jpg,1514309400,0.9,15.29
1513900800.cx.snap.jpg,1513900800,0.9,11.89
1516577400.cx.snap.jpg,1516577400,1.27,12.38
1517004000.cx.snap.jpg,1517004000,1.55,14.31
1516046400.cx.snap.jpg,1516046400,1.53,19.61
1516726800.cx.snap.jpg,1516726800,1.26,13.1
1514304000.cx.snap.jpg,1514304000,0.92,14.57
1515436200.cx.snap.jpg,1515436200,0.63,16.93
1516665600.cx.snap.jpg,1516665600,1.62,14.85
1515790800.cx.snap.jpg,1515790800,1.16,18.22
1517185800.cx.snap.jpg,1517185800,0.84,10.84
1515700800.cx.snap.jpg,1515700800,0.99,13.2
1517270400.cx.snap.jpg,1517270400,0.56,9.3
1512604800.cx.snap.jpg,1512604800,0.6,15.66
1516055400.cx.snap.jpg,1516055400,1.65,17.95
1516134600.cx.snap.jpg,1516134600,1.76,16.77
1516725000.cx.snap.jpg,1516725000,1.26,13.1
1514334600.cx.snap.jpg,1514334600,0.8,13.71
1517099400.cx.snap.jpg,1517099400,0.88,10.9
1517072400.cx.snap.jpg,1517072400,1.2,12.54
1515097800.cx.snap.jpg,1515097800,1.22,15.92
1514572200.cx.snap.jpg,1514572200,0.64,11.51
1514233800.cx.snap.jpg,1514233800,0.73,16.22
1513895400.cx.snap.jpg,1513895400,0.88,12.54
1515517200.cx.snap.jpg,1515517200,0.98,7.13
1512678600.cx.snap.jpg,1512678600,0.51,15.44
1514242800.cx.snap.jpg,1514242800,0.86,16.06
1515943800.cx.snap.jpg,1515943800,0.77,15.09
1514311200.cx.snap.jpg,1514311200,0.78,14.99
1517358600.cx.snap.jpg,1517358600,0.57,13.03
1515873600.cx.snap.jpg,1515873600,1.11,14.09
1513873800.cx.snap.jpg,1513873800,0.95,12.1
1515866400.cx.snap.jpg,1515866400,1.09,15.62
1514763000.cx.snap.jpg,1514763000,0.55,11.84
1512919800.cx.snap.jpg,1512919800,0.78,13.31
1516042800.cx.snap.jpg,1516042800,1.34,22.33
1514055600.cx.snap.jpg,1514055600,0.47,13.9
1515182400.cx.snap.jpg,1515182400,1.11,13.81
1516917600.cx.snap.jpg,1516917600,1.08,8.91
1515254400.cx.snap.jpg,1515254400,1.01,12.43
1515018600.cx.snap.jpg,1515018600,0.95,12.21
1513956600.cx.snap.jpg,1513956600,0.64,10.74
1514053800.cx.snap.jpg,1514053800,0.47,13.9
1516050000.cx.snap.jpg,1516050000,1.56,17.73
1512833400.cx.snap.jpg,1512833400,1.04,15.39
1514827800.cx.snap.jpg,1514827800,0.39,8.16
1513121400.cx.snap.jpg,1513121400,0.99,13.87
1512777600.cx.snap.jpg,1512777600,0.63,15.86
1513384200.cx.snap.jpg,1513384200,0.99,15.3
1516224600.cx.snap.jpg,1516224600,1.65,14.47
1515531600.cx.snap.jpg,1515531600,0.82,15.61
1513623600.cx.snap.jpg,1513623600,0.48,10.29
1515195000.cx.snap.jpg,1515195000,1.28,14.08
1512932400.cx.snap.jpg,1512932400,0.64,11.47
1516314600.cx.snap.jpg,1516314600,1.69,17.68
1516915800.cx.snap.jpg,1516915800,1.08,8.91
1512865800.cx.snap.jpg,1512865800,0.73,14.69
1515348000.cx.snap.jpg,1515348000,0.78,13.4
1513038600.cx.snap.jpg,1513038600,0.84,15.28
1514590200.cx.snap.jpg,1514590200,0.82,10.78
1516991400.cx.snap.jpg,1516991400,1.56,14.5
1517009400.cx.snap.jpg,1517009400,1.6,14.33
1516901400.cx.snap.jpg,1516901400,1.24,9.6
1514068200.cx.snap.jpg,1514068200,0.41,14.49
1515006000.cx.snap.jpg,1515006000,0.81,12.42
1512856800.cx.snap.jpg,1512856800,0.7,15.16
1514151000.cx.snap.jpg,1514151000,0.44,10.84
1512763200.cx.snap.jpg,1512763200,0.6,15.57
1514764800.cx.snap.jpg,1514764800,0.59,12.63
1514937600.cx.snap.jpg,1514937600,0.69,14.42
1516037400.cx.snap.jpg,1516037400,1.29,22.63
1514932200.cx.snap.jpg,1514932200,0.69,14.58
1512844200.cx.snap.jpg,1512844200,0.78,15.77
1517243400.cx.snap.jpg,1517243400,0.54,9.99
1516318200.cx.snap.jpg,1516318200,2.05,17.93
1517164200.cx.snap.jpg,1517164200,0.84,10.15
1513890000.cx.snap.jpg,1513890000,0.86,11.79
1515450600.cx.snap.jpg,1515450600,0.59,9.43
1514563200.cx.snap.jpg,1514563200,0.86,11.56
1516307400.cx.snap.jpg,1516307400,1.46,14.93
1516051800.cx.snap.jpg,1516051800,1.56,17.73
1514584800.cx.snap.jpg,1514584800,0.69,10.71
1514826000.cx.snap.jpg,1514826000,0.41,9.13
1513636200.cx.snap.jpg,1513636200,0.51,8.52
1513967400.cx.snap.jpg,1513967400,1.23,11.77
1514475000.cx.snap.jpg,1514475000,0.75,14.31
1513614600.cx.snap.jpg,1513614600,0.52,11.22
1515963600.cx.snap.jpg,1515963600,0.74,14.93
1515002400.cx.snap.jpg,1515002400,0.81,12.42
1516568400.cx.snap.jpg,1516568400,1.17,13.44
1513639800.cx.snap.jpg,1513639800,0.5,10.75
1516894200.cx.snap.jpg,1516894200,1.22,8.35
1512761400.cx.snap.jpg,1512761400,0.6,15.57
1517175000.cx.snap.jpg,1517175000,0.86,8.95
1515702600.cx.snap.jpg,1515702600,1.11,14.46
1513717200.cx.snap.jpg,1513717200,0.47,14.64
1513787400.cx.snap.jpg,1513787400,0.69,14.92
1514302200.cx.snap.jpg,1514302200,0.92,14.57
1516233600.cx.snap.jpg,1516233600,1.59,13.62
1516734000.cx.snap.jpg,1516734000,1.09,12.44
1514910600.cx.snap.jpg,1514910600,0.73,15.76
1514145600.cx.snap.jpg,1514145600,0.49,10.89
1516638600.cx.snap.jpg,1516638600,1.16,14.15
1517070600.cx.snap.jpg,1517070600,1.2,12.54
1514667600.cx.snap.jpg,1514667600,0.61,12.12
1514674800.cx.snap.jpg,1514674800,0.65,9.9
1514318400.cx.snap.jpg,1514318400,0.82,13.84
1513447200.cx.snap.jpg,1513447200,1.43,11.57
1515259800.cx.snap.jpg,1515259800,1.28,12.1
1512590400.cx.snap.jpg,1512590400,0.6,15.66
1514134800.cx.snap.jpg,1514134800,0.52,15.48
1513980000.cx.snap.jpg,1513980000,0.54,10.94
1514752200.cx.snap.jpg,1514752200,0.66,12.31
1516138200.cx.snap.jpg,1516138200,1.7,15.8
1512925200.cx.snap.jpg,1512925200,0.73,12.77
1515367800.cx.snap.jpg,1515367800,0.69,12.4
1514655000.cx.snap.jpg,1514655000,0.74,12.05
1513803600.cx.snap.jpg,1513803600,0.86,14.19
1513197000.cx.snap.jpg,1513197000,1.09,13.03
1512673200.cx.snap.jpg,1512673200,0.47,14.46
1513557000.cx.snap.jpg,1513557000,0.79,11.65
1516311000.cx.snap.jpg,1516311000,1.56,22.88
1514907000.cx.snap.jpg,1514907000,0.6,15.21
1512927000.cx.snap.jpg,1512927000,0.76,13.37
1513879200.cx.snap.jpg,1513879200,0.86,11.99
1515627000.cx.snap.jpg,1515627000,1.6,12.32
1515794400.cx.snap.jpg,1515794400,1.16,18.22
1516035600.cx.snap.jpg,1516035600,1.23,22.53
1513641600.cx.snap.jpg,1513641600,0.45,9.14
1516838400.cx.snap.jpg,1516838400,0.62,16.93
1515958200.cx.snap.jpg,1515958200,0.71,15.01
1515877200.cx.snap.jpg,1515877200,1.01,12.47
1514073600.cx.snap.jpg,1514073600,0.46,13.29
1515951000.cx.snap.jpg,1515951000,0.84,15.79
1517067000.cx.snap.jpg,1517067000,1.15,9.64
1513020600.cx.snap.jpg,1513020600,0.82,15.98
1515263400.cx.snap.jpg,1515263400,1.42,12.42
1512930600.cx.snap.jpg,1512930600,0.64,11.47
1515686400.cx.snap.jpg,1515686400,1.1,14.11
1516986000.cx.snap.jpg,1516986000,1.64,13.52
1513440000.cx.snap.jpg,1513440000,1.06,13.12
1517002200.cx.snap.jpg,1517002200,1.55,14.31
1513805400.cx.snap.jpg,1513805400,0.86,14.19
1513024200.cx.snap.jpg,1513024200,0.83,15.54
1516548600.cx.snap.jpg,1516548600,1.39,13.38
1516203000.cx.snap.jpg,1516203000,1.95,14.44
1516222800.cx.snap.jpg,1516222800,1.65,14.47
1514160000.cx.snap.jpg,1514160000,0.56,13.13
1514746800.cx.snap.jpg,1514746800,0.63,11.47
1517346000.cx.snap.jpg,1517346000,0.59,9.82
1512574200.cx.snap.jpg,1512574200,0.6,15.66
1515789000.cx.snap.jpg,1515789000,1.14,16.39
1512664200.cx.snap.jpg,1512664200,0.52,14.46
1516906800.cx.snap.jpg,1516906800,1.11,9.99
1513189800.cx.snap.jpg,1513189800,1.13,13.28
1512585000.cx.snap.jpg,1512585000,0.6,15.66
1513117800.cx.snap.jpg,1513117800,0.98,14.18
1513713600.cx.snap.jpg,1513713600,0.42,16.39
1513981800.cx.snap.jpg,1513981800,0.5,11.04
1514408400.cx.snap.jpg,1514408400,0.68,14.96
1513202400.cx.snap.jpg,1513202400,1.15,13.63
1514577600.cx.snap.jpg,1514577600,0.8,11.16
1514737800.cx.snap.jpg,1514737800,0.52,12.69
1513125000.cx.snap.jpg,1513125000,0.86,14.73
1515369600.cx.snap.jpg,1515369600,0.69,12.8
1513017000.cx.snap.jpg,1513017000,0.79,15.4
1513796400.cx.snap.jpg,1513796400,0.72,14.66
1512606600.cx.snap.jpg,1512606600,0.6,15.66
1515628800.cx.snap.jpg,1515628800,1.55,9.86
1513195200.cx.snap.jpg,1513195200,1.18,12.78
1516753800.cx.snap.jpg,1516753800,1.06,13.72
1514844000.cx.snap.jpg,1514844000,0.41,14.14
1516993200.cx.snap.jpg,1516993200,1.79,14.25
1514401200.cx.snap.jpg,1514401200,0.69,14.37
1516809600.cx.snap.jpg,1516809600,0.8,10.93
1513877400.cx.snap.jpg,1513877400,0.85,12.65
1514044800.cx.snap.jpg,1514044800,0.51,15.29
1513553400.cx.snap.jpg,1513553400,0.73,13.36
1513989000.cx.snap.jpg,1513989000,0.46,14.62
1516210200.cx.snap.jpg,1516210200,1.89,15.05
1513355400.cx.snap.jpg,1513355400,1.14,16.23
1515947400.cx.snap.jpg,1515947400,0.75,15.81
1514820600.cx.snap.jpg,1514820600,0.43,14.11
1513204200.cx.snap.jpg,1513204200,1.11,13
1514140200.cx.snap.jpg,1514140200,0.47,14.37
1516921200.cx.snap.jpg,1516921200,1.13,9.3
1514993400.cx.snap.jpg,1514993400,0.75,12.49
1516397400.cx.snap.jpg,1516397400,2.24,15.62
1515261600.cx.snap.jpg,1515261600,1.42,12.42
1515952800.cx.snap.jpg,1515952800,0.76,15.16
1515538800.cx.snap.jpg,1515538800,0.9,15.29
1515772800.cx.snap.jpg,1515772800,1.12,15.7
1516998600.cx.snap.jpg,1516998600,1.64,13.28
1515456000.cx.snap.jpg,1515456000,0.61,15.1
1516384800.cx.snap.jpg,1516384800,2.29,15.69
1512772200.cx.snap.jpg,1512772200,0.68,15.81
1516375800.cx.snap.jpg,1516375800,2.56,15.9
1516131000.cx.snap.jpg,1516131000,1.72,16.64
1516469400.cx.snap.jpg,1516469400,1.79,14.34
1514921400.cx.snap.jpg,1514921400,0.68,15.07
1516923000.cx.snap.jpg,1516923000,1.12,9.47
1515612600.cx.snap.jpg,1515612600,1.9,11.52
1515960000.cx.snap.jpg,1515960000,0.71,15.01
1515110400.cx.snap.jpg,1515110400,1.5,16.97
1514926800.cx.snap.jpg,1514926800,0.71,14.54
1516129200.cx.snap.jpg,1516129200,1.85,16.29
1513369800.cx.snap.jpg,1513369800,1.11,15.37
1513211400.cx.snap.jpg,1513211400,1.17,12.66
1513105200.cx.snap.jpg,1513105200,0.95,15.64
1513726200.cx.snap.jpg,1513726200,0.48,15.2
1515353400.cx.snap.jpg,1515353400,0.77,12.45
1514323800.cx.snap.jpg,1514323800,0.87,14.24
1515276000.cx.snap.jpg,1515276000,1.18,11.93
1513539000.cx.snap.jpg,1513539000,0.88,13.32
1516807800.cx.snap.jpg,1516807800,0.8,10.93
1515625200.cx.snap.jpg,1515625200,1.71,10.24
1514217600.cx.snap.jpg,1514217600,0.93,16.68
1517178600.cx.snap.jpg,1517178600,0.81,9.47
1512752400.cx.snap.jpg,1512752400,0.51,14.5
1517095800.cx.snap.jpg,1517095800,0.99,12.87
1514829600.cx.snap.jpg,1514829600,0.42,13.85
1515511800.cx.snap.jpg,1515511800,0.98,7.45
1514161800.cx.snap.jpg,1514161800,0.56,13.13
1514313000.cx.snap.jpg,1514313000,0.78,14.99
1516149000.cx.snap.jpg,1516149000,1.99,15.32
1512945000.cx.snap.jpg,1512945000,0.64,13.24
1515886200.cx.snap.jpg,1515886200,1.08,13.8
1516136400.cx.snap.jpg,1516136400,1.7,15.8
1514561400.cx.snap.jpg,1514561400,0.86,11.56
1516122000.cx.snap.jpg,1516122000,1.72,16.79
1515965400.cx.snap.jpg,1515965400,0.74,14.93
1516473000.cx.snap.jpg,1516473000,1.44,13.73
1516563000.cx.snap.jpg,1516563000,1.51,13.35
1516465800.cx.snap.jpg,1516465800,1.66,14.23
1515178800.cx.snap.jpg,1515178800,1.01,14.79
1516492800.cx.snap.jpg,1516492800,1.47,13.15
1515189600.cx.snap.jpg,1515189600,1.11,14.05
1516471200.cx.snap.jpg,1516471200,1.44,13.73
1514908800.cx.snap.jpg,1514908800,0.6,15.21
1515695400.cx.snap.jpg,1515695400,1.04,13.54
1515600000.cx.snap.jpg,1515600000,2.13,12.04
1514665800.cx.snap.jpg,1514665800,0.63,10.4
1516980600.cx.snap.jpg,1516980600,1.79,14.01
1514741400.cx.snap.jpg,1514741400,0.53,10.07
1514750400.cx.snap.jpg,1514750400,0.54,11.06
1516741200.cx.snap.jpg,1516741200,1.02,12.33
1515688200.cx.snap.jpg,1515688200,1.14,14.34
1516030200.cx.snap.jpg,1516030200,1.07,22.61
1517005800.cx.snap.jpg,1517005800,1.61,13.97
1514305800.cx.snap.jpg,1514305800,1.03,14.6
1514248200.cx.snap.jpg,1514248200,0.78,16.17
1513531800.cx.snap.jpg,1513531800,1.02,13.19
1512675000.cx.snap.jpg,1512675000,0.46,13.31
1516462200.cx.snap.jpg,1516462200,1.79,14.15
1514390400.cx.snap.jpg,1514390400,0.67,12.18
1517351400.cx.snap.jpg,1517351400,0.59,12.55
1514050200.cx.snap.jpg,1514050200,0.45,13.84
1516482000.cx.snap.jpg,1516482000,1.5,13.53
1515544200.cx.snap.jpg,1515544200,0.88,15.65
1514583000.cx.snap.jpg,1514583000,0.69,10.71
1514413800.cx.snap.jpg,1514413800,1.29,12.21
1514476800.cx.snap.jpg,1514476800,0.75,14.31
1513985400.cx.snap.jpg,1513985400,0.48,11.85
1514320200.cx.snap.jpg,1514320200,0.97,14.76
1514840400.cx.snap.jpg,1514840400,0.41,14.14
1514219400.cx.snap.jpg,1514219400,0.82,17.06
1515528000.cx.snap.jpg,1515528000,0.93,15.93
1513704600.cx.snap.jpg,1513704600,0.4,12.75
1514410200.cx.snap.jpg,1514410200,0.68,14.96
1514759400.cx.snap.jpg,1514759400,0.72,12.5
1515448800.cx.snap.jpg,1515448800,0.61,11.28
1515371400.cx.snap.jpg,1515371400,0.69,12.8
1515972600.cx.snap.jpg,1515972600,0.75,14.97
1514404800.cx.snap.jpg,1514404800,0.66,14.15
1515857400.cx.snap.jpg,1515857400,1.13,14.49
1513373400.cx.snap.jpg,1513373400,1.28,14.81
1516654800.cx.snap.jpg,1516654800,1.32,15.04
1516554000.cx.snap.jpg,1516554000,1.43,13.38
1515603600.cx.snap.jpg,1515603600,1.9,12.14
1513540800.cx.snap.jpg,1513540800,0.88,13.32
1514239200.cx.snap.jpg,1514239200,0.95,16.45
1515709800.cx.snap.jpg,1515709800,1.05,23
1513612800.cx.snap.jpg,1513612800,0.52,10.19
1514658600.cx.snap.jpg,1514658600,0.66,11.59
1515366000.cx.snap.jpg,1515366000,0.77,11.92
1514851200.cx.snap.jpg,1514851200,0.44,14.08
1514314800.cx.snap.jpg,1514314800,0.78,14.99
1514651400.cx.snap.jpg,1514651400,0.7,10.86
1516557600.cx.snap.jpg,1516557600,1.36,12.93
1515954600.cx.snap.jpg,1515954600,0.76,15.16
1516919400.cx.snap.jpg,1516919400,1.13,9.3
1516213800.cx.snap.jpg,1516213800,1.93,13.6
1517173200.cx.snap.jpg,1517173200,0.86,8.95
1514660400.cx.snap.jpg,1514660400,0.66,11.59
1516645800.cx.snap.jpg,1516645800,1.33,14.16
1514322000.cx.snap.jpg,1514322000,0.87,14.24
1516489200.cx.snap.jpg,1516489200,1.53,14.57
1514419200.cx.snap.jpg,1514419200,0.72,14.7
1515889800.cx.snap.jpg,1515889800,1.02,14.59
1515447000.cx.snap.jpg,1515447000,0.61,11.28
1514329200.cx.snap.jpg,1514329200,0.79,13.45
1517353200.cx.snap.jpg,1517353200,0.59,12.55
1517344200.cx.snap.jpg,1517344200,0.57,9.86
1512860400.cx.snap.jpg,1512860400,0.73,14.31
1513368000.cx.snap.jpg,1513368000,1.13,15.9
1513209600.cx.snap.jpg,1513209600,1.17,12.66
1514743200.cx.snap.jpg,1514743200,0.63,11.47
1515355200.cx.snap.jpg,1515355200,0.77,12.45
1513812600.cx.snap.jpg,1513812600,0.79,14.4
1516041000.cx.snap.jpg,1516041000,1.34,22.33
1514325600.cx.snap.jpg,1514325600,0.87,14.24
1516908600.cx.snap.jpg,1516908600,1.17,9.07
1515803400.cx.snap.jpg,1515803400,1.16,18.32
1516829400.cx.snap.jpg,1516829400,0.71,22.34
1515708000.cx.snap.jpg,1515708000,1.08,12.82
1516212000.cx.snap.jpg,1516212000,1.93,13.6
1513701000.cx.snap.jpg,1513701000,0.44,9.92
1512583200.cx.snap.jpg,1512583200,0.6,15.66
1514158200.cx.snap.jpg,1514158200,0.46,15.58
1516402800.cx.snap.jpg,1516402800,2.33,15.37
1512576000.cx.snap.jpg,1512576000,0.6,15.66
1517079600.cx.snap.jpg,1517079600,1.09,12.35
1516062600.cx.snap.jpg,1516062600,1.71,17.34
1516728600.cx.snap.jpg,1516728600,1.26,13.29
1514138400.cx.snap.jpg,1514138400,0.47,14.37
1517092200.cx.snap.jpg,1517092200,0.9,10.91
1512946800.cx.snap.jpg,1512946800,0.64,13.24
1516752000.cx.snap.jpg,1516752000,1.06,13.72
1514566800.cx.snap.jpg,1514566800,0.72,11.68
1516816800.cx.snap.jpg,1516816800,0.74,23.1
1515285000.cx.snap.jpg,1515285000,1.09,11.11
1516404600.cx.snap.jpg,1516404600,2.3,15.72
1515024000.cx.snap.jpg,1515024000,0.73,12.68
1514919600.cx.snap.jpg,1514919600,0.64,15.43
1516811400.cx.snap.jpg,1516811400,0.88,23.09
1512666000.cx.snap.jpg,1512666000,0.52,14.46
1513191600.cx.snap.jpg,1513191600,1.13,13.28
1515274200.cx.snap.jpg,1515274200,1.18,11.93
1515265200.cx.snap.jpg,1515265200,1.42,12.42
1512592200.cx.snap.jpg,1512592200,0.6,15.66
1515438000.cx.snap.jpg,1515438000,0.63,16.93
1514244600.cx.snap.jpg,1514244600,0.91,16.3
1515358800.cx.snap.jpg,1515358800,0.77,12.1
1512934200.cx.snap.jpg,1512934200,0.74,13.65
1517335200.cx.snap.jpg,1517335200,0.58,9.63
1515430800.cx.snap.jpg,1515430800,0.58,10.47
1513897200.cx.snap.jpg,1513897200,0.88,12.54
1516663800.cx.snap.jpg,1516663800,1.45,14.81
1514237400.cx.snap.jpg,1514237400,0.95,16.45
1514307600.cx.snap.jpg,1514307600,1.03,14.6
1513535400.cx.snap.jpg,1513535400,0.86,12.5
1512779400.cx.snap.jpg,1512779400,0.63,15.86
1512858600.cx.snap.jpg,1512858600,0.73,14.31
1514052000.cx.snap.jpg,1514052000,0.47,13.9
1515699000.cx.snap.jpg,1515699000,0.99,13.2
1515283200.cx.snap.jpg,1515283200,1.09,11.11
1512685800.cx.snap.jpg,1512685800,0.4,14.44
1515267000.cx.snap.jpg,1515267000,1.21,9.29
1516053600.cx.snap.jpg,1516053600,1.56,17.73
1514154600.cx.snap.jpg,1514154600,0.46,12.19
1517239800.cx.snap.jpg,1517239800,0.59,9.82
1514221200.cx.snap.jpg,1514221200,0.82,17.06
1516485600.cx.snap.jpg,1516485600,1.5,13.53
1517329800.cx.snap.jpg,1517329800,0.55,10.07
1514669400.cx.snap.jpg,1514669400,0.61,12.12
1515792600.cx.snap.jpg,1515792600,1.16,18.22
1513470600.cx.snap.jpg,1513470600,1.17,13.43
1512595800.cx.snap.jpg,1512595800,0.6,15.66
1516474800.cx.snap.jpg,1516474800,1.44,13.73
1513708200.cx.snap.jpg,1513708200,0.4,11.03
1517247000.cx.snap.jpg,1517247000,0.57,9.45
1515425400.cx.snap.jpg,1515425400,0.6,10.63
1516647600.cx.snap.jpg,1516647600,1.33,14.16
1515967200.cx.snap.jpg,1515967200,0.74,14.93
1515457800.cx.snap.jpg,1515457800,0.61,15.1
1514822400.cx.snap.jpg,1514822400,0.43,14.11
1513380600.cx.snap.jpg,1513380600,1.09,14.98
1517000400.cx.snap.jpg,1517000400,1.55,14.31
1515616200.cx.snap.jpg,1515616200,1.84,11.15
1515196800.cx.snap.jpg,1515196800,0.92,13.99
1513785600.cx.snap.jpg,1513785600,0.71,15.07
1515520800.cx.snap.jpg,1515520800,1.01,15.59
1516228200.cx.snap.jpg,1516228200,1.73,14.72
1517167800.cx.snap.jpg,1517167800,0.86,10.27
1514215800.cx.snap.jpg,1514215800,0.93,16.68
1513882800.cx.snap.jpg,1513882800,0.86,11.99
1516899600.cx.snap.jpg,1516899600,1.18,8.34
1516120200.cx.snap.jpg,1516120200,1.72,16.79
1514388600.cx.snap.jpg,1514388600,0.67,12.18
1514849400.cx.snap.jpg,1514849400,0.5,14.84
1513018800.cx.snap.jpg,1513018800,0.79,15.4
1513445400.cx.snap.jpg,1513445400,1.47,13.06
1516744800.cx.snap.jpg,1516744800,1.02,12.33
1513549800.cx.snap.jpg,1513549800,0.71,12.85
1515346200.cx.snap.jpg,1515346200,0.84,13.35
1514757600.cx.snap.jpg,1514757600,0.58,10.28
1513710000.cx.snap.jpg,1513710000,0.4,11.03
1517338800.cx.snap.jpg,1517338800,0.58,9.63
1515976200.cx.snap.jpg,1515976200,0.73,15.26
1515783600.cx.snap.jpg,1515783600,1.12,15.37
1517252400.cx.snap.jpg,1517252400,0.6,9.48
1514565000.cx.snap.jpg,1514565000,0.72,11.68
1514673000.cx.snap.jpg,1514673000,0.65,9.9
1513814400.cx.snap.jpg,1513814400,0.79,13.78
1516116600.cx.snap.jpg,1516116600,1.77,15.74
1513719000.cx.snap.jpg,1513719000,0.47,14.64
1513198800.cx.snap.jpg,1513198800,1.15,13.63
1516982400.cx.snap.jpg,1516982400,1.79,14.01
1513450800.cx.snap.jpg,1513450800,1.43,11.57
1516987800.cx.snap.jpg,1516987800,1.56,14.5
1514676600.cx.snap.jpg,1514676600,0.62,12.34
1514917800.cx.snap.jpg,1514917800,0.64,15.43
1516656600.cx.snap.jpg,1516656600,1.32,15.04
1515004200.cx.snap.jpg,1515004200,0.81,12.42
1514316600.cx.snap.jpg,1514316600,0.82,13.84
1513697400.cx.snap.jpg,1513697400,0.51,11.13
1516132800.cx.snap.jpg,1516132800,1.72,16.64
1516552200.cx.snap.jpg,1516552200,1.43,13.38
1515711600.cx.snap.jpg,1515711600,1.05,23
1515796200.cx.snap.jpg,1515796200,1.02,15.22
1516321800.cx.snap.jpg,1516321800,2.32,18.04
1514071800.cx.snap.jpg,1514071800,0.41,13.28
1514824200.cx.snap.jpg,1514824200,0.41,9.13
1516820400.cx.snap.jpg,1516820400,0.74,23.1
1513193400.cx.snap.jpg,1513193400,1.18,12.78
1516635000.cx.snap.jpg,1516635000,1.12,14.17
1512756000.cx.snap.jpg,1512756000,0.59,14.6
1515357000.cx.snap.jpg,1515357000,0.78,12.15
1515776400.cx.snap.jpg,1515776400,1.12,15.7
1516995000.cx.snap.jpg,1516995000,1.79,14.25
1516494600.cx.snap.jpg,1516494600,1.47,13.15
1513110600.cx.snap.jpg,1513110600,0.9,14.18
1517086800.cx.snap.jpg,1517086800,1.04,10.96
1515364200.cx.snap.jpg,1515364200,0.77,11.92
1517180400.cx.snap.jpg,1517180400,0.81,9.47
1515684600.cx.snap.jpg,1515684600,1.1,14.11
1514748600.cx.snap.jpg,1514748600,0.54,11.06
1512837000.cx.snap.jpg,1512837000,1.05,15.48
1514574000.cx.snap.jpg,1514574000,0.64,11.51
1517169600.cx.snap.jpg,1517169600,0.86,10.27
1513382400.cx.snap.jpg,1513382400,0.99,15.3
1516903200.cx.snap.jpg,1516903200,1.11,9.99
1514417400.cx.snap.jpg,1514417400,0.68,14.96
1514075400.cx.snap.jpg,1514075400,0.46,13.29
1514397600.cx.snap.jpg,1514397600,0.69,14.37
1515270600.cx.snap.jpg,1515270600,1.11,11.91
1513542600.cx.snap.jpg,1513542600,0.84,11.21
1516379400.cx.snap.jpg,1516379400,2.14,15.57
1513103400.cx.snap.jpg,1513103400,0.95,15.64
1515697200.cx.snap.jpg,1515697200,1.04,13.54
1516231800.cx.snap.jpg,1516231800,1.75,12.95
1514228400.cx.snap.jpg,1514228400,0.74,16.4
1516300200.cx.snap.jpg,1516300200,1.42,13.53
1513377000.cx.snap.jpg,1513377000,1.11,15.5
1515168000.cx.snap.jpg,1515168000,1.09,13.98
1515623400.cx.snap.jpg,1515623400,1.71,10.24
1513036800.cx.snap.jpg,1513036800,0.84,15.28
1513987200.cx.snap.jpg,1513987200,0.46,14.62
1515598200.cx.snap.jpg,1515598200,2.13,12.04
