id, H, T
1512588600.c2.snap, 0.60, 15.66
1512590400.c2.snap, 0.58, 15.64
1512592200.c2.snap, 0.56, 15.62
1512594000.c2.snap, 0.56, 15.18
1512595800.c2.snap, 0.57, 14.75
1512597600.c2.snap, 0.59, 15.20
1512599400.c2.snap, 0.61, 15.66
1512601200.c2.snap, 0.57, 15.18
1512603000.c2.snap, 0.54, 14.71
1512604800.c2.snap, 0.85, 15.19
1512606600.c2.snap, 1.16, 15.67
1512660600.c2.snap, 0.40, 14.44
1512662400.c2.snap, 0.83, 13.18
1512664200.c2.snap, 1.27, 11.91
1512666000.c2.snap, 0.92, 13.46
1512667800.c2.snap, 0.57, 15.00
1512669600.c2.snap, 0.86, 16.56
1512671400.c2.snap, 1.15, 18.12
1512673200.c2.snap, 0.84, 16.82
1512675000.c2.snap, 0.52, 15.52
1512676800.c2.snap, 0.52, 15.13
1512678600.c2.snap, 0.52, 14.74
1512680400.c2.snap, 0.51, 14.75
1512682200.c2.snap, 0.49, 14.76
1512684000.c2.snap, 0.50, 15.16
1512685800.c2.snap, 0.51, 15.57
1512687600.c2.snap, 0.54, 14.84
1512689400.c2.snap, 0.56, 14.12
1512691200.c2.snap, 0.56, 14.38
1512693000.c2.snap, 0.56, 14.63
1512747000.c2.snap, 0.68, 15.81
1512752400.c2.snap, 0.61, 15.45
1512754200.c2.snap, 0.63, 15.86
1512756000.c2.snap, 0.60, 15.54
1512757800.c2.snap, 0.57, 15.22
1512759600.c2.snap, 0.58, 14.94
1512761400.c2.snap, 0.59, 14.66
1512763200.c2.snap, 0.65, 14.79
1512765000.c2.snap, 0.71, 14.91
1512766800.c2.snap, 0.68, 14.89
1512768600.c2.snap, 0.65, 14.87
1512770400.c2.snap, 0.67, 15.18
1512772200.c2.snap, 0.70, 15.49
1512774000.c2.snap, 0.64, 15.15
1512775800.c2.snap, 0.58, 14.82
1512777600.c2.snap, 0.63, 15.02
1512779400.c2.snap, 0.67, 15.22
1512833400.c2.snap, 0.73, 14.31
1512835200.c2.snap, 0.72, 14.25
1512837000.c2.snap, 0.70, 14.18
1512844200.c2.snap, 0.75, 13.74
1512846000.c2.snap, 0.76, 14.18
1512847800.c2.snap, 0.77, 14.62
1512849600.c2.snap, 0.75, 14.35
1512851400.c2.snap, 0.74, 14.09
1512853200.c2.snap, 0.80, 14.41
1512855000.c2.snap, 0.86, 14.72
1512856800.c2.snap, 0.86, 14.44
1512858600.c2.snap, 0.87, 14.16
1512860400.c2.snap, 0.81, 14.18
1512862200.c2.snap, 0.76, 14.20
1512864000.c2.snap, 0.72, 13.97
1512865800.c2.snap, 0.69, 13.74
1512919800.c2.snap, 0.64, 13.24
1512925200.c2.snap, 0.71, 13.73
1512927000.c2.snap, 0.70, 13.71
1512928800.c2.snap, 0.67, 13.13
1512930600.c2.snap, 0.63, 12.54
1512932400.c2.snap, 0.64, 13.08
1512934200.c2.snap, 0.66, 13.62
1512936000.c2.snap, 0.69, 13.54
1512937800.c2.snap, 0.71, 13.46
1512939600.c2.snap, 0.70, 12.73
1512941400.c2.snap, 0.69, 12.01
1512943200.c2.snap, 0.74, 12.23
1512945000.c2.snap, 0.79, 12.45
1512946800.c2.snap, 0.76, 12.33
1512948600.c2.snap, 0.73, 12.21
1512950400.c2.snap, 0.80, 12.25
1512952200.c2.snap, 0.88, 12.30
1513013400.c2.snap, 0.84, 15.28
1513015200.c2.snap, 0.89, 15.62
1513017000.c2.snap, 0.94, 15.96
1513018800.c2.snap, 0.90, 15.89
1513020600.c2.snap, 0.86, 15.82
1513022400.c2.snap, 0.87, 16.19
1513024200.c2.snap, 0.88, 16.55
1513026000.c2.snap, 0.90, 16.12
1513027800.c2.snap, 0.91, 15.69
1513029600.c2.snap, 0.87, 15.69
1513031400.c2.snap, 0.83, 15.70
1513033200.c2.snap, 0.81, 15.58
1513035000.c2.snap, 0.79, 15.47
1513036800.c2.snap, 0.82, 15.36
1513038600.c2.snap, 0.86, 15.25
1513099800.c2.snap, 0.86, 14.73
1513101600.c2.snap, 0.89, 14.45
1513103400.c2.snap, 0.91, 14.16
1513105200.c2.snap, 0.93, 13.92
1513107000.c2.snap, 0.96, 13.68
1513108800.c2.snap, 1.00, 14.19
1513110600.c2.snap, 1.03, 14.69
1513112400.c2.snap, 1.00, 14.09
1513114200.c2.snap, 0.97, 13.48
1513116000.c2.snap, 0.95, 13.81
1513117800.c2.snap, 0.93, 14.15
1513119600.c2.snap, 1.05, 13.94
1513121400.c2.snap, 1.16, 13.74
1513123200.c2.snap, 1.09, 13.26
1513125000.c2.snap, 1.02, 12.78
1513179000.c2.snap, 1.11, 13.00
1513180800.c2.snap, 1.02, 12.50
1513182600.c2.snap, 0.93, 11.99
1513184400.c2.snap, 1.05, 12.33
1513186200.c2.snap, 1.17, 12.66
1513188000.c2.snap, 1.15, 12.86
1513189800.c2.snap, 1.12, 13.06
1513191600.c2.snap, 1.09, 12.92
1513193400.c2.snap, 1.06, 12.77
1513195200.c2.snap, 1.08, 12.56
1513197000.c2.snap, 1.09, 12.36
1513198800.c2.snap, 1.06, 12.40
1513200600.c2.snap, 1.02, 12.45
1513202400.c2.snap, 0.99, 12.12
1513204200.c2.snap, 0.96, 11.79
1513206000.c2.snap, 0.96, 12.00
1513207800.c2.snap, 0.96, 12.20
1513209600.c2.snap, 0.96, 12.34
1513211400.c2.snap, 0.96, 12.49
1513265400.c2.snap, 1.05, 15.15
1513351800.c2.snap, 1.11, 15.50
1513353600.c2.snap, 1.10, 15.24
1513355400.c2.snap, 1.09, 14.98
1513357200.c2.snap, 1.04, 15.14
1513359000.c2.snap, 0.99, 15.30
1513360800.c2.snap, 0.99, 15.56
1513362600.c2.snap, 0.99, 15.82
1513364400.c2.snap, 1.07, 15.29
1513366200.c2.snap, 1.15, 14.76
1513368000.c2.snap, 1.17, 14.77
1513369800.c2.snap, 1.19, 14.78
1513371600.c2.snap, 1.25, 14.75
1513373400.c2.snap, 1.30, 14.71
1513375200.c2.snap, 1.23, 14.87
1513377000.c2.snap, 1.16, 15.03
1513378800.c2.snap, 1.19, 15.38
1513380600.c2.snap, 1.21, 15.73
1513382400.c2.snap, 1.36, 15.05
1513384200.c2.snap, 1.51, 14.37
1513438200.c2.snap, 1.34, 13.53
1513440000.c2.snap, 1.32, 12.86
1513441800.c2.snap, 1.30, 12.19
1513443600.c2.snap, 1.23, 12.81
1513445400.c2.snap, 1.17, 13.43
1513447200.c2.snap, 1.20, 13.23
1513449000.c2.snap, 1.23, 13.02
1513450800.c2.snap, 1.19, 13.46
1513452600.c2.snap, 1.15, 13.90
1513454400.c2.snap, 1.19, 13.90
1513456200.c2.snap, 1.22, 13.90
1513458000.c2.snap, 1.23, 14.53
1513459800.c2.snap, 1.25, 15.16
1513461600.c2.snap, 1.29, 14.45
1513463400.c2.snap, 1.34, 13.74
1513465200.c2.snap, 1.32, 13.53
1513467000.c2.snap, 1.31, 13.33
1513468800.c2.snap, 1.29, 11.25
1513470600.c2.snap, 1.26, 9.18
1513524600.c2.snap, 0.71, 12.85
1513526400.c2.snap, 0.72, 13.10
1513528200.c2.snap, 0.73, 13.36
1513530000.c2.snap, 0.76, 12.50
1513531800.c2.snap, 0.79, 11.65
1513533600.c2.snap, 0.75, 12.03
1513535400.c2.snap, 0.70, 12.41
1513537200.c2.snap, 0.74, 12.04
1513539000.c2.snap, 0.78, 11.67
1513540800.c2.snap, 0.74, 11.72
1513542600.c2.snap, 0.70, 11.77
1513544400.c2.snap, 0.80, 11.89
1513546200.c2.snap, 0.90, 12.01
1513548000.c2.snap, 0.80, 10.62
1513549800.c2.snap, 0.69, 9.22
1513551600.c2.snap, 0.70, 10.62
1513553400.c2.snap, 0.71, 12.02
1513555200.c2.snap, 0.72, 11.59
1513557000.c2.snap, 0.73, 11.15
1513611000.c2.snap, 0.51, 8.52
1513612800.c2.snap, 0.51, 9.63
1513614600.c2.snap, 0.50, 10.75
1513621800.c2.snap, 0.49, 8.93
1513623600.c2.snap, 0.50, 9.18
1513625400.c2.snap, 0.51, 9.44
1513627200.c2.snap, 0.49, 9.88
1513629000.c2.snap, 0.48, 10.31
1513630800.c2.snap, 0.45, 10.91
1513632600.c2.snap, 0.42, 11.50
1513634400.c2.snap, 0.43, 10.29
1513636200.c2.snap, 0.45, 9.07
1513638000.c2.snap, 0.47, 10.09
1513639800.c2.snap, 0.48, 11.10
1513641600.c2.snap, 0.46, 11.66
1513643400.c2.snap, 0.45, 12.23
1513697400.c2.snap, 0.47, 16.03
1513699200.c2.snap, 0.47, 15.62
1513701000.c2.snap, 0.48, 15.20
1513702800.c2.snap, 0.46, 14.81
1513704600.c2.snap, 0.44, 14.43
1513706400.c2.snap, 0.46, 15.01
1513708200.c2.snap, 0.48, 15.59
1513710000.c2.snap, 0.48, 15.68
1513711800.c2.snap, 0.47, 15.78
1513713600.c2.snap, 0.48, 15.46
1513715400.c2.snap, 0.48, 15.15
1513717200.c2.snap, 0.50, 14.87
1513719000.c2.snap, 0.52, 14.58
1513720800.c2.snap, 0.51, 15.00
1513722600.c2.snap, 0.50, 15.43
1513724400.c2.snap, 0.51, 15.36
1513726200.c2.snap, 0.51, 15.30
1513728000.c2.snap, 0.52, 14.41
1513729800.c2.snap, 0.52, 13.51
1513783800.c2.snap, 0.86, 12.75
1513785600.c2.snap, 0.83, 13.57
1513787400.c2.snap, 0.79, 14.40
1513789200.c2.snap, 0.79, 14.09
1513791000.c2.snap, 0.79, 13.78
1513792800.c2.snap, 0.82, 14.08
1513794600.c2.snap, 0.86, 14.38
1513796400.c2.snap, 0.86, 15.00
1513798200.c2.snap, 0.85, 15.63
1513800000.c2.snap, 0.86, 14.87
1513801800.c2.snap, 0.87, 14.11
1513803600.c2.snap, 0.86, 14.14
1513805400.c2.snap, 0.85, 14.17
1513807200.c2.snap, 0.88, 13.91
1513809000.c2.snap, 0.92, 13.65
1513810800.c2.snap, 0.96, 13.38
1513812600.c2.snap, 1.00, 13.11
1513814400.c2.snap, 1.01, 13.36
1513816200.c2.snap, 1.02, 13.61
1513870200.c2.snap, 0.88, 12.54
1513872000.c2.snap, 0.88, 11.97
1513873800.c2.snap, 0.87, 11.40
1513875600.c2.snap, 0.89, 11.65
1513877400.c2.snap, 0.90, 11.89
1513879200.c2.snap, 0.88, 11.94
1513881000.c2.snap, 0.86, 11.99
1513882800.c2.snap, 0.85, 12.37
1513884600.c2.snap, 0.84, 12.76
1513886400.c2.snap, 0.82, 11.84
1513888200.c2.snap, 0.81, 10.92
1513890000.c2.snap, 0.74, 10.91
1513891800.c2.snap, 0.67, 10.90
1513893600.c2.snap, 0.68, 11.31
1513895400.c2.snap, 0.69, 11.73
1513897200.c2.snap, 0.71, 10.98
1513899000.c2.snap, 0.73, 10.23
1513900800.c2.snap, 0.71, 10.71
1513902600.c2.snap, 0.69, 11.19
1513956600.c2.snap, 0.50, 11.04
1513958400.c2.snap, 0.49, 11.44
1513960200.c2.snap, 0.48, 11.85
1513962000.c2.snap, 0.47, 13.24
1513963800.c2.snap, 0.46, 14.62
1513965600.c2.snap, 0.46, 12.32
1513967400.c2.snap, 0.47, 10.02
1513980000.c2.snap, 0.51, 12.10
1513981800.c2.snap, 0.50, 14.89
1513983600.c2.snap, 0.70, 15.10
1513985400.c2.snap, 0.90, 15.31
1513987200.c2.snap, 0.70, 15.35
1513989000.c2.snap, 0.50, 15.38
1514043000.c2.snap, 0.41, 14.49
1514044800.c2.snap, 0.41, 13.89
1514046600.c2.snap, 0.41, 13.28
1514048400.c2.snap, 0.44, 13.29
1514050200.c2.snap, 0.46, 13.29
1514052000.c2.snap, 0.45, 13.48
1514053800.c2.snap, 0.43, 13.66
1514055600.c2.snap, 0.43, 13.46
1514057400.c2.snap, 0.43, 13.25
1514059200.c2.snap, 0.45, 13.21
1514061000.c2.snap, 0.47, 13.18
1514062800.c2.snap, 0.46, 13.40
1514064600.c2.snap, 0.45, 13.61
1514066400.c2.snap, 0.44, 13.13
1514068200.c2.snap, 0.43, 12.65
1514070000.c2.snap, 0.44, 13.36
1514071800.c2.snap, 0.44, 14.06
1514073600.c2.snap, 0.44, 14.66
1514075400.c2.snap, 0.43, 15.26
1514129400.c2.snap, 0.46, 12.19
1514131200.c2.snap, 0.46, 13.88
1514133000.c2.snap, 0.46, 15.58
1514134800.c2.snap, 0.51, 14.35
1514136600.c2.snap, 0.56, 13.13
1514138400.c2.snap, 0.50, 14.26
1514140200.c2.snap, 0.43, 15.38
1514142000.c2.snap, 0.46, 14.33
1514143800.c2.snap, 0.50, 13.28
1514145600.c2.snap, 0.58, 13.74
1514147400.c2.snap, 0.66, 14.20
1514149200.c2.snap, 0.55, 14.30
1514151000.c2.snap, 0.43, 14.39
1514152800.c2.snap, 0.45, 14.97
1514154600.c2.snap, 0.48, 15.56
1514156400.c2.snap, 0.46, 14.58
1514158200.c2.snap, 0.44, 13.60
1514160000.c2.snap, 0.46, 14.26
1514161800.c2.snap, 0.48, 14.92
1514215800.c2.snap, 0.86, 16.06
1514217600.c2.snap, 0.88, 16.18
1514219400.c2.snap, 0.91, 16.30
1514221200.c2.snap, 0.84, 16.23
1514223000.c2.snap, 0.78, 16.17
1514224800.c2.snap, 0.93, 16.06
1514226600.c2.snap, 1.08, 15.95
1514228400.c2.snap, 0.96, 15.83
1514230200.c2.snap, 0.84, 15.71
1514232000.c2.snap, 0.90, 15.71
1514233800.c2.snap, 0.96, 15.71
1514235600.c2.snap, 0.95, 15.56
1514237400.c2.snap, 0.93, 15.40
1514239200.c2.snap, 0.93, 15.47
1514241000.c2.snap, 0.94, 15.55
1514242800.c2.snap, 0.98, 15.58
1514244600.c2.snap, 1.01, 15.61
1514246400.c2.snap, 1.00, 15.40
1514248200.c2.snap, 1.00, 15.19
1514302200.c2.snap, 0.79, 13.45
1514304000.c2.snap, 0.81, 13.33
1514305800.c2.snap, 0.83, 13.20
1514307600.c2.snap, 0.81, 13.46
1514309400.c2.snap, 0.80, 13.71
1514311200.c2.snap, 0.79, 13.96
1514313000.c2.snap, 0.77, 14.20
1514314800.c2.snap, 0.78, 13.99
1514316600.c2.snap, 0.79, 13.77
1514318400.c2.snap, 0.78, 13.53
1514320200.c2.snap, 0.77, 13.29
1514322000.c2.snap, 0.78, 13.47
1514323800.c2.snap, 0.79, 13.64
1514325600.c2.snap, 0.79, 13.64
1514327400.c2.snap, 0.78, 13.64
1514329200.c2.snap, 0.76, 13.56
1514331000.c2.snap, 0.74, 13.48
1514332800.c2.snap, 0.77, 13.47
1514334600.c2.snap, 0.80, 13.45
1514388600.c2.snap, 1.29, 12.21
1514390400.c2.snap, 0.99, 13.58
1514392200.c2.snap, 0.68, 14.96
1514394000.c2.snap, 0.70, 14.83
1514395800.c2.snap, 0.72, 14.70
1514397600.c2.snap, 0.68, 15.18
1514399400.c2.snap, 0.64, 15.66
1514401200.c2.snap, 0.67, 15.61
1514403000.c2.snap, 0.71, 15.55
1514404800.c2.snap, 0.70, 15.59
1514406600.c2.snap, 0.69, 15.62
1514408400.c2.snap, 0.67, 15.51
1514410200.c2.snap, 0.65, 15.40
1514412000.c2.snap, 0.64, 14.91
1514413800.c2.snap, 0.62, 14.42
1514415600.c2.snap, 0.64, 14.91
1514417400.c2.snap, 0.66, 15.40
1514419200.c2.snap, 0.64, 14.77
1514421000.c2.snap, 0.62, 14.14
1514475000.c2.snap, 0.98, 13.75
1514476800.c2.snap, 1.08, 13.94
1514478600.c2.snap, 1.19, 14.13
1514561400.c2.snap, 0.73, 11.23
1514563200.c2.snap, 0.77, 11.01
1514565000.c2.snap, 0.82, 10.78
1514566800.c2.snap, 0.77, 11.31
1514568600.c2.snap, 0.73, 11.83
1514570400.c2.snap, 0.72, 11.65
1514572200.c2.snap, 0.71, 11.46
1514574000.c2.snap, 0.69, 11.14
1514575800.c2.snap, 0.67, 10.82
1514577600.c2.snap, 0.68, 10.58
1514579400.c2.snap, 0.68, 10.35
1514581200.c2.snap, 0.66, 11.06
1514583000.c2.snap, 0.63, 11.77
1514584800.c2.snap, 0.66, 11.28
1514586600.c2.snap, 0.69, 10.79
1514588400.c2.snap, 0.67, 10.68
1514590200.c2.snap, 0.65, 10.57
1514592000.c2.snap, 0.65, 11.20
1514593800.c2.snap, 0.65, 11.82
1514647800.c2.snap, 0.65, 9.90
1514649600.c2.snap, 0.64, 11.12
1514651400.c2.snap, 0.62, 12.34
1514653200.c2.snap, 0.58, 12.35
1514655000.c2.snap, 0.55, 12.36
1514656800.c2.snap, 0.55, 12.21
1514658600.c2.snap, 0.54, 12.05
1514660400.c2.snap, 0.55, 12.41
1514662200.c2.snap, 0.56, 12.78
1514664000.c2.snap, 0.57, 12.68
1514665800.c2.snap, 0.57, 12.58
1514667600.c2.snap, 0.58, 12.09
1514669400.c2.snap, 0.60, 11.60
1514671200.c2.snap, 0.64, 11.91
1514673000.c2.snap, 0.69, 12.22
1514674800.c2.snap, 0.76, 13.85
1514676600.c2.snap, 0.83, 15.48
1514678400.c2.snap, 0.75, 13.88
1514680200.c2.snap, 0.66, 12.27
1514734200.c2.snap, 0.72, 12.50
1514736000.c2.snap, 0.64, 12.17
1514737800.c2.snap, 0.55, 11.84
1514739600.c2.snap, 0.57, 12.24
1514741400.c2.snap, 0.59, 12.63
1514743200.c2.snap, 0.56, 11.36
1514745000.c2.snap, 0.53, 10.08
1514746800.c2.snap, 0.57, 10.37
1514748600.c2.snap, 0.61, 10.67
1514750400.c2.snap, 0.57, 10.72
1514752200.c2.snap, 0.54, 10.77
1514754000.c2.snap, 0.55, 10.52
1514755800.c2.snap, 0.55, 10.26
1514757600.c2.snap, 0.58, 10.17
1514759400.c2.snap, 0.61, 10.07
1514761200.c2.snap, 0.61, 10.26
1514763000.c2.snap, 0.61, 10.45
1514764800.c2.snap, 0.60, 9.85
1514766600.c2.snap, 0.60, 9.25
1514820600.c2.snap, 0.44, 14.81
1514822400.c2.snap, 0.47, 14.82
1514824200.c2.snap, 0.50, 14.84
1514826000.c2.snap, 0.47, 14.46
1514827800.c2.snap, 0.44, 14.08
1514829600.c2.snap, 0.43, 14.06
1514831400.c2.snap, 0.42, 14.03
1514833200.c2.snap, 0.43, 14.29
1514835000.c2.snap, 0.44, 14.55
1514836800.c2.snap, 0.43, 14.48
1514838600.c2.snap, 0.42, 14.42
1514840400.c2.snap, 0.41, 14.41
1514842200.c2.snap, 0.41, 14.39
1514844000.c2.snap, 0.40, 14.59
1514845800.c2.snap, 0.39, 14.80
1514847600.c2.snap, 0.41, 14.84
1514849400.c2.snap, 0.42, 14.88
1514851200.c2.snap, 0.41, 15.21
1514853000.c2.snap, 0.40, 15.53
1514907000.c2.snap, 0.69, 14.58
1514908800.c2.snap, 0.73, 14.67
1514910600.c2.snap, 0.78, 14.76
1514912400.c2.snap, 0.73, 14.59
1514914200.c2.snap, 0.69, 14.42
1514916000.c2.snap, 0.69, 14.09
1514917800.c2.snap, 0.70, 13.75
1514919600.c2.snap, 0.70, 13.87
1514921400.c2.snap, 0.69, 13.99
1514923200.c2.snap, 0.69, 14.04
1514925000.c2.snap, 0.69, 14.08
1514926800.c2.snap, 0.68, 14.05
1514928600.c2.snap, 0.66, 14.02
1514930400.c2.snap, 0.67, 14.27
1514932200.c2.snap, 0.68, 14.53
1514934000.c2.snap, 0.66, 13.95
1514935800.c2.snap, 0.64, 13.38
1514937600.c2.snap, 0.64, 13.21
1514939400.c2.snap, 0.64, 13.04
1514993400.c2.snap, 0.95, 12.21
1514995200.c2.snap, 0.85, 12.43
1514997000.c2.snap, 0.74, 12.65
1514998800.c2.snap, 0.73, 12.67
1515000600.c2.snap, 0.73, 12.68
1515002400.c2.snap, 0.77, 12.39
1515004200.c2.snap, 0.82, 12.09
1515006000.c2.snap, 0.79, 12.31
1515007800.c2.snap, 0.75, 12.54
1515009600.c2.snap, 0.76, 12.36
1515011400.c2.snap, 0.77, 12.19
1515013200.c2.snap, 0.79, 12.23
1515015000.c2.snap, 0.80, 12.28
1515016800.c2.snap, 0.76, 12.60
1515018600.c2.snap, 0.72, 12.92
1515020400.c2.snap, 0.69, 12.97
1515022200.c2.snap, 0.66, 13.01
1515024000.c2.snap, 0.73, 13.02
1515025800.c2.snap, 0.80, 13.04
1515079800.c2.snap, 1.38, 16.08
1515096000.c2.snap, 1.42, 15.73
1515097800.c2.snap, 1.40, 15.67
1515099600.c2.snap, 1.28, 15.47
1515101400.c2.snap, 1.16, 15.26
1515103200.c2.snap, 1.22, 15.13
1515105000.c2.snap, 1.29, 14.99
1515106800.c2.snap, 1.18, 14.73
1515108600.c2.snap, 1.08, 14.47
1515110400.c2.snap, 1.17, 14.49
1515112200.c2.snap, 1.26, 14.51
1515166200.c2.snap, 0.90, 13.52
1515168000.c2.snap, 1.09, 13.80
1515169800.c2.snap, 1.28, 14.08
1515171600.c2.snap, 1.10, 14.03
1515173400.c2.snap, 0.92, 13.99
1515175200.c2.snap, 0.99, 14.05
1515177000.c2.snap, 1.05, 14.10
1515178800.c2.snap, 0.99, 13.94
1515180600.c2.snap, 0.93, 13.78
1515182400.c2.snap, 0.94, 13.37
1515184200.c2.snap, 0.94, 12.96
1515186000.c2.snap, 0.94, 13.10
1515187800.c2.snap, 0.93, 13.24
1515189600.c2.snap, 0.97, 13.08
1515191400.c2.snap, 1.02, 12.92
1515193200.c2.snap, 1.01, 13.17
1515195000.c2.snap, 1.00, 13.42
1515196800.c2.snap, 0.92, 13.03
1515198600.c2.snap, 0.84, 12.64
1515252600.c2.snap, 1.12, 11.64
1515254400.c2.snap, 1.11, 11.87
1515256200.c2.snap, 1.09, 12.10
1515258000.c2.snap, 1.09, 11.60
1515259800.c2.snap, 1.09, 11.11
1515261600.c2.snap, 1.10, 11.71
1515263400.c2.snap, 1.10, 12.31
1515265200.c2.snap, 1.10, 12.01
1515267000.c2.snap, 1.09, 11.70
1515268800.c2.snap, 1.08, 12.02
1515270600.c2.snap, 1.08, 12.33
1515272400.c2.snap, 1.06, 11.90
1515274200.c2.snap, 1.03, 11.46
1515276000.c2.snap, 1.01, 11.30
1515277800.c2.snap, 0.98, 11.13
1515279600.c2.snap, 0.96, 12.02
1515281400.c2.snap, 0.95, 12.90
1515283200.c2.snap, 0.94, 12.39
1515285000.c2.snap, 0.92, 11.87
1515339000.c2.snap, 0.77, 11.92
1515340800.c2.snap, 0.73, 12.16
1515342600.c2.snap, 0.69, 12.40
1515344400.c2.snap, 0.69, 12.60
1515346200.c2.snap, 0.69, 12.80
1515348000.c2.snap, 0.68, 12.53
1515349800.c2.snap, 0.67, 12.26
1515351600.c2.snap, 0.68, 12.76
1515353400.c2.snap, 0.70, 13.27
1515355200.c2.snap, 0.66, 12.70
1515357000.c2.snap, 0.63, 12.14
1515358800.c2.snap, 0.63, 11.79
1515360600.c2.snap, 0.63, 11.43
1515362400.c2.snap, 0.61, 11.71
1515364200.c2.snap, 0.59, 11.99
1515366000.c2.snap, 0.64, 12.16
1515367800.c2.snap, 0.68, 12.32
1515369600.c2.snap, 0.69, 11.45
1515371400.c2.snap, 0.70, 10.57
1515425400.c2.snap, 0.59, 9.43
1515427200.c2.snap, 0.58, 11.89
1515429000.c2.snap, 0.57, 14.36
1515430800.c2.snap, 0.59, 14.73
1515432600.c2.snap, 0.61, 15.10
1515434400.c2.snap, 0.60, 16.64
1515436200.c2.snap, 0.59, 18.18
1515438000.c2.snap, 0.60, 18.30
1515439800.c2.snap, 0.62, 18.42
1515441600.c2.snap, 0.60, 18.43
1515443400.c2.snap, 0.59, 18.44
1515445200.c2.snap, 0.58, 13.47
1515447000.c2.snap, 0.58, 8.50
1515448800.c2.snap, 0.65, 13.43
1515450600.c2.snap, 0.72, 18.37
1515452400.c2.snap, 0.69, 16.75
1515454200.c2.snap, 0.66, 15.13
1515456000.c2.snap, 0.72, 16.78
1515457800.c2.snap, 0.77, 18.42
1515511800.c2.snap, 0.90, 15.29
1515513600.c2.snap, 0.92, 15.45
1515515400.c2.snap, 0.94, 15.62
1515517200.c2.snap, 0.91, 15.64
1515519000.c2.snap, 0.88, 15.65
1515520800.c2.snap, 0.97, 11.88
1515522600.c2.snap, 1.05, 8.11
1515524400.c2.snap, 1.22, 8.42
1515526200.c2.snap, 1.40, 8.74
1515528000.c2.snap, 1.46, 10.40
1515529800.c2.snap, 1.52, 12.06
1515531600.c2.snap, 1.62, 10.73
1515533400.c2.snap, 1.71, 9.39
1515535200.c2.snap, 1.88, 10.43
1515537000.c2.snap, 2.06, 11.47
1515538800.c2.snap, 2.15, 11.68
1515540600.c2.snap, 2.24, 11.89
1515542400.c2.snap, 2.28, 11.97
1515544200.c2.snap, 2.31, 12.04
1515598200.c2.snap, 1.71, 10.24
1515600000.c2.snap, 1.66, 11.28
1515601800.c2.snap, 1.60, 12.32
1515603600.c2.snap, 1.57, 11.09
1515605400.c2.snap, 1.55, 9.86
1515607200.c2.snap, 1.54, 11.07
1515609000.c2.snap, 1.54, 12.27
1515610800.c2.snap, 1.44, 12.42
1515612600.c2.snap, 1.33, 12.57
1515614400.c2.snap, 1.31, 13.03
1515616200.c2.snap, 1.30, 13.48
1515618000.c2.snap, 1.27, 13.05
1515619800.c2.snap, 1.25, 12.61
1515621600.c2.snap, 1.24, 11.82
1515623400.c2.snap, 1.22, 11.03
1515625200.c2.snap, 1.25, 12.06
1515627000.c2.snap, 1.28, 13.08
1515628800.c2.snap, 1.21, 12.70
1515630600.c2.snap, 1.15, 12.31
1515684600.c2.snap, 1.05, 23.00
1515686400.c2.snap, 1.08, 19.65
1515688200.c2.snap, 1.11, 16.30
1515690000.c2.snap, 1.13, 14.20
1515691800.c2.snap, 1.14, 12.11
1515693600.c2.snap, 1.09, 12.70
1515695400.c2.snap, 1.04, 13.28
1515697200.c2.snap, 1.10, 14.88
1515699000.c2.snap, 1.16, 16.49
1515700800.c2.snap, 1.11, 16.85
1515702600.c2.snap, 1.06, 17.20
1515704400.c2.snap, 1.12, 17.23
1515706200.c2.snap, 1.17, 17.27
1515708000.c2.snap, 1.14, 17.07
1515709800.c2.snap, 1.10, 16.86
1515711600.c2.snap, 1.14, 16.36
1515713400.c2.snap, 1.17, 15.87
1515715200.c2.snap, 1.17, 15.02
1515717000.c2.snap, 1.16, 14.16
1515771000.c2.snap, 1.02, 15.22
1515772800.c2.snap, 1.13, 16.77
1515774600.c2.snap, 1.25, 18.33
1515776400.c2.snap, 1.20, 18.32
1515778200.c2.snap, 1.16, 18.32
1515780000.c2.snap, 1.11, 18.26
1515781800.c2.snap, 1.05, 18.20
1515783600.c2.snap, 1.03, 17.13
1515785400.c2.snap, 1.01, 16.05
1515787200.c2.snap, 1.03, 15.69
1515789000.c2.snap, 1.04, 15.34
1515790800.c2.snap, 1.01, 15.40
1515792600.c2.snap, 0.98, 15.45
1515794400.c2.snap, 0.99, 15.87
1515796200.c2.snap, 1.00, 16.29
1515798000.c2.snap, 1.04, 16.18
1515799800.c2.snap, 1.08, 16.08
1515801600.c2.snap, 1.04, 15.65
1515803400.c2.snap, 1.01, 15.23
1515857400.c2.snap, 1.07, 14.26
1515864600.c2.snap, 1.02, 14.59
1515866400.c2.snap, 1.04, 14.34
1515868200.c2.snap, 1.05, 14.08
1515870000.c2.snap, 1.00, 14.63
1515871800.c2.snap, 0.94, 15.19
1515873600.c2.snap, 0.93, 13.96
1515875400.c2.snap, 0.92, 12.73
1515877200.c2.snap, 0.94, 14.07
1515879000.c2.snap, 0.95, 15.40
1515880800.c2.snap, 0.95, 15.52
1515882600.c2.snap, 0.94, 15.64
1515884400.c2.snap, 0.88, 15.25
1515886200.c2.snap, 0.82, 14.86
1515888000.c2.snap, 0.84, 15.05
1515889800.c2.snap, 0.86, 15.24
1515943800.c2.snap, 0.71, 14.54
1515945600.c2.snap, 0.73, 14.75
1515947400.c2.snap, 0.75, 14.97
1515951000.c2.snap, 0.73, 15.26
1515952800.c2.snap, 0.77, 15.35
1515954600.c2.snap, 0.80, 15.44
1515956400.c2.snap, 0.74, 14.54
1515958200.c2.snap, 0.67, 13.63
1515960000.c2.snap, 0.69, 14.52
1515961800.c2.snap, 0.71, 15.40
1515963600.c2.snap, 0.70, 14.52
1515965400.c2.snap, 0.69, 13.63
1515967200.c2.snap, 0.72, 13.60
1515969000.c2.snap, 0.75, 13.57
1515970800.c2.snap, 0.78, 13.80
1515972600.c2.snap, 0.80, 14.02
1515974400.c2.snap, 0.76, 13.98
1515976200.c2.snap, 0.72, 13.94
1516030200.c2.snap, 1.65, 17.95
1516032000.c2.snap, 1.65, 17.61
1516033800.c2.snap, 1.66, 17.26
1516035600.c2.snap, 1.69, 17.30
1516037400.c2.snap, 1.71, 17.34
1516039200.c2.snap, 1.75, 16.84
1516041000.c2.snap, 1.80, 16.33
1516042800.c2.snap, 1.81, 16.46
1516044600.c2.snap, 1.83, 16.59
1516046400.c2.snap, 1.70, 16.79
1516048200.c2.snap, 1.58, 16.98
1516050000.c2.snap, 1.65, 16.19
1516051800.c2.snap, 1.72, 15.40
1516053600.c2.snap, 1.69, 15.70
1516055400.c2.snap, 1.65, 16.00
1516057200.c2.snap, 1.46, 16.25
1516059000.c2.snap, 1.28, 16.49
1516060800.c2.snap, 1.43, 16.37
1516062600.c2.snap, 1.58, 16.25
1516116600.c2.snap, 1.78, 16.15
1516118400.c2.snap, 1.84, 16.27
1516120200.c2.snap, 1.90, 16.39
1516122000.c2.snap, 1.95, 15.85
1516123800.c2.snap, 1.99, 15.32
1516125600.c2.snap, 1.94, 15.25
1516127400.c2.snap, 1.89, 15.17
1516129200.c2.snap, 1.88, 15.27
1516131000.c2.snap, 1.86, 15.37
1516132800.c2.snap, 1.93, 15.26
1516134600.c2.snap, 1.99, 15.15
1516136400.c2.snap, 2.02, 15.02
1516138200.c2.snap, 2.06, 14.89
1516140000.c2.snap, 2.04, 15.56
1516141800.c2.snap, 2.02, 16.24
1516143600.c2.snap, 1.94, 15.75
1516145400.c2.snap, 1.86, 15.27
1516147200.c2.snap, 1.91, 14.81
1516149000.c2.snap, 1.96, 14.34
1516203000.c2.snap, 1.73, 14.72
1516204800.c2.snap, 1.74, 13.84
1516206600.c2.snap, 1.75, 12.95
1516208400.c2.snap, 1.67, 13.29
1516210200.c2.snap, 1.59, 13.62
1516212000.c2.snap, 1.60, 13.66
1516213800.c2.snap, 1.60, 13.71
1516215600.c2.snap, 1.59, 13.59
1516217400.c2.snap, 1.57, 13.47
1516219200.c2.snap, 1.58, 13.64
1516221000.c2.snap, 1.59, 13.80
1516222800.c2.snap, 1.56, 14.19
1516224600.c2.snap, 1.53, 14.58
1516226400.c2.snap, 1.54, 14.33
1516228200.c2.snap, 1.55, 14.07
1516230000.c2.snap, 1.54, 13.88
1516231800.c2.snap, 1.53, 13.70
1516233600.c2.snap, 1.50, 13.91
1516235400.c2.snap, 1.48, 14.12
1516289400.c2.snap, 1.69, 17.68
1516294800.c2.snap, 2.19, 17.99
1516296600.c2.snap, 2.32, 18.04
1516298400.c2.snap, 2.83, 20.20
1516300200.c2.snap, 3.34, 22.37
1516302000.c2.snap, 3.18, 20.49
1516303800.c2.snap, 3.02, 18.60
1516305600.c2.snap, 3.08, 18.36
1516307400.c2.snap, 3.14, 18.13
1516309200.c2.snap, 3.04, 17.48
1516311000.c2.snap, 2.95, 16.83
1516312800.c2.snap, 3.02, 16.54
1516314600.c2.snap, 3.09, 16.24
1516316400.c2.snap, 2.94, 17.30
1516318200.c2.snap, 2.79, 18.35
1516320000.c2.snap, 2.73, 17.22
1516321800.c2.snap, 2.67, 16.09
1516375800.c2.snap, 2.33, 15.37
1516377600.c2.snap, 2.32, 15.54
1516379400.c2.snap, 2.30, 15.72
1516381200.c2.snap, 2.19, 15.72
1516383000.c2.snap, 2.09, 15.72
1516384800.c2.snap, 2.26, 15.77
1516386600.c2.snap, 2.44, 15.81
1516388400.c2.snap, 2.44, 15.74
1516390200.c2.snap, 2.43, 15.67
1516392000.c2.snap, 2.37, 15.71
1516393800.c2.snap, 2.32, 15.74
1516395600.c2.snap, 2.29, 15.48
1516397400.c2.snap, 2.27, 15.21
1516399200.c2.snap, 2.39, 15.44
1516401000.c2.snap, 2.51, 15.67
1516402800.c2.snap, 2.30, 15.40
1516404600.c2.snap, 2.09, 15.13
1516406400.c2.snap, 2.03, 15.05
1516408200.c2.snap, 1.97, 14.97
1516462200.c2.snap, 1.53, 14.57
1516464000.c2.snap, 1.47, 14.14
1516465800.c2.snap, 1.41, 13.71
1516467600.c2.snap, 1.44, 13.43
1516469400.c2.snap, 1.47, 13.15
1516471200.c2.snap, 1.58, 13.40
1516473000.c2.snap, 1.68, 13.65
1516474800.c2.snap, 1.62, 13.32
1516476600.c2.snap, 1.55, 12.99
1516478400.c2.snap, 1.65, 13.01
1516480200.c2.snap, 1.75, 13.02
1516482000.c2.snap, 1.61, 13.38
1516483800.c2.snap, 1.46, 13.74
1516485600.c2.snap, 1.64, 13.62
1516487400.c2.snap, 1.83, 13.49
1516489200.c2.snap, 1.77, 13.56
1516491000.c2.snap, 1.71, 13.62
1516492800.c2.snap, 1.75, 13.47
1516494600.c2.snap, 1.78, 13.32
1516548600.c2.snap, 1.11, 13.42
1516550400.c2.snap, 1.19, 12.90
1516552200.c2.snap, 1.27, 12.38
1516554000.c2.snap, 1.17, 11.99
1516555800.c2.snap, 1.08, 11.60
1516557600.c2.snap, 1.12, 11.65
1516559400.c2.snap, 1.15, 11.69
1516561200.c2.snap, 1.15, 11.85
1516563000.c2.snap, 1.14, 12.02
1516564800.c2.snap, 1.08, 11.94
1516566600.c2.snap, 1.03, 11.87
1516568400.c2.snap, 1.06, 11.88
1516570200.c2.snap, 1.10, 11.88
1516572000.c2.snap, 1.12, 11.80
1516573800.c2.snap, 1.14, 11.72
1516575600.c2.snap, 1.04, 11.68
1516577400.c2.snap, 0.95, 11.65
1516579200.c2.snap, 0.97, 11.45
1516581000.c2.snap, 1.00, 11.25
1516635000.c2.snap, 1.45, 14.81
1516636800.c2.snap, 1.45, 14.81
1516638600.c2.snap, 1.45, 14.81
1516640400.c2.snap, 1.54, 14.83
1516642200.c2.snap, 1.62, 14.85
1516644000.c2.snap, 1.60, 14.61
1516645800.c2.snap, 1.58, 14.36
1516647600.c2.snap, 1.59, 14.37
1516649400.c2.snap, 1.60, 14.39
1516651200.c2.snap, 1.69, 14.31
1516653000.c2.snap, 1.77, 14.23
1516654800.c2.snap, 1.72, 14.51
1516656600.c2.snap, 1.67, 14.79
1516658400.c2.snap, 1.63, 14.35
1516660200.c2.snap, 1.59, 13.91
1516662000.c2.snap, 1.51, 12.98
1516663800.c2.snap, 1.43, 12.05
1516665600.c2.snap, 1.43, 12.88
1516667400.c2.snap, 1.43, 13.72
1516721400.c2.snap, 1.04, 12.78
1516723200.c2.snap, 1.06, 13.40
1516725000.c2.snap, 1.08, 14.03
1516726800.c2.snap, 1.07, 13.87
1516728600.c2.snap, 1.06, 13.72
1516730400.c2.snap, 1.03, 13.48
1516732200.c2.snap, 1.00, 13.24
1516734000.c2.snap, 1.06, 13.40
1516735800.c2.snap, 1.12, 13.57
1516737600.c2.snap, 1.04, 13.45
1516739400.c2.snap, 0.97, 13.34
1516741200.c2.snap, 0.98, 13.39
1516743000.c2.snap, 1.00, 13.43
1516744800.c2.snap, 0.93, 12.73
1516746600.c2.snap, 0.85, 12.03
1516748400.c2.snap, 0.88, 11.71
1516750200.c2.snap, 0.90, 11.39
1516752000.c2.snap, 0.95, 11.50
1516753800.c2.snap, 0.99, 11.60
1516807800.c2.snap, 0.67, 11.08
1516809600.c2.snap, 0.67, 14.83
1516811400.c2.snap, 0.68, 18.59
1516813200.c2.snap, 0.65, 17.76
1516815000.c2.snap, 0.62, 16.93
1516816800.c2.snap, 0.64, 17.76
1516818600.c2.snap, 0.66, 18.59
1516820400.c2.snap, 0.66, 18.17
1516822200.c2.snap, 0.67, 17.75
1516824000.c2.snap, 0.69, 17.54
1516825800.c2.snap, 0.71, 17.33
1516827600.c2.snap, 0.74, 17.21
1516829400.c2.snap, 0.77, 17.09
1516831200.c2.snap, 0.78, 17.23
1516833000.c2.snap, 0.80, 17.37
1516834800.c2.snap, 0.81, 17.81
1516836600.c2.snap, 0.82, 18.25
1516838400.c2.snap, 0.97, 13.50
1516840200.c2.snap, 1.12, 8.74
1516894200.c2.snap, 1.13, 9.30
1516896000.c2.snap, 1.13, 9.38
1516897800.c2.snap, 1.12, 9.47
1516899600.c2.snap, 1.15, 9.65
1516901400.c2.snap, 1.17, 9.82
1516903200.c2.snap, 1.21, 10.05
1516905000.c2.snap, 1.25, 10.28
1516906800.c2.snap, 1.32, 10.10
1516908600.c2.snap, 1.39, 9.91
1516910400.c2.snap, 1.39, 9.84
1516912200.c2.snap, 1.39, 9.77
1516914000.c2.snap, 1.46, 9.99
1516915800.c2.snap, 1.52, 10.21
1516917600.c2.snap, 1.50, 10.84
1516919400.c2.snap, 1.47, 11.48
1516921200.c2.snap, 1.38, 11.90
1516923000.c2.snap, 1.30, 12.31
1516924800.c2.snap, 1.36, 11.80
1516926600.c2.snap, 1.41, 11.28
1516980600.c2.snap, 1.61, 13.97
1516982400.c2.snap, 1.61, 14.15
1516984200.c2.snap, 1.60, 14.33
1516986000.c2.snap, 1.50, 13.86
1516987800.c2.snap, 1.41, 13.39
1516989600.c2.snap, 1.44, 13.15
1516991400.c2.snap, 1.48, 12.90
1516993200.c2.snap, 1.47, 13.20
1516995000.c2.snap, 1.45, 13.50
1516996800.c2.snap, 1.42, 13.54
1516998600.c2.snap, 1.40, 13.58
1517000400.c2.snap, 1.45, 13.86
1517002200.c2.snap, 1.50, 14.14
1517004000.c2.snap, 1.47, 13.48
1517005800.c2.snap, 1.43, 12.82
1517007600.c2.snap, 1.40, 12.85
1517009400.c2.snap, 1.38, 12.88
1517011200.c2.snap, 1.38, 13.02
1517013000.c2.snap, 1.37, 13.16
1517067000.c2.snap, 0.90, 10.91
1517068800.c2.snap, 0.94, 11.89
1517070600.c2.snap, 0.99, 12.87
1517072400.c2.snap, 0.93, 11.88
1517074200.c2.snap, 0.88, 10.90
1517076000.c2.snap, 0.83, 11.55
1517077800.c2.snap, 0.79, 12.19
1517079600.c2.snap, 0.81, 10.80
1517081400.c2.snap, 0.84, 9.41
1517083200.c2.snap, 0.82, 9.90
1517085000.c2.snap, 0.81, 10.39
1517086800.c2.snap, 0.81, 10.57
1517088600.c2.snap, 0.81, 10.74
1517090400.c2.snap, 0.83, 10.12
1517092200.c2.snap, 0.85, 9.49
1517094000.c2.snap, 0.83, 9.79
1517095800.c2.snap, 0.82, 10.08
1517097600.c2.snap, 0.75, 10.52
1517099400.c2.snap, 0.69, 10.96
1517153400.c2.snap, 0.81, 9.47
1517155200.c2.snap, 0.80, 9.93
1517157000.c2.snap, 0.79, 10.40
1517158800.c2.snap, 0.82, 10.62
1517160600.c2.snap, 0.84, 10.84
1517162400.c2.snap, 0.86, 10.62
1517164200.c2.snap, 0.89, 10.39
1517166000.c2.snap, 0.84, 10.22
1517167800.c2.snap, 0.79, 10.04
1517169600.c2.snap, 0.76, 10.21
1517171400.c2.snap, 0.74, 10.37
1517173200.c2.snap, 0.75, 10.32
1517175000.c2.snap, 0.75, 10.26
1517176800.c2.snap, 0.73, 10.25
1517178600.c2.snap, 0.71, 10.23
1517180400.c2.snap, 0.73, 10.16
1517182200.c2.snap, 0.74, 10.09
1517184000.c2.snap, 0.74, 10.05
1517185800.c2.snap, 0.74, 10.00
1517239800.c2.snap, 0.59, 9.73
1517241600.c2.snap, 0.58, 9.52
1517243400.c2.snap, 0.56, 9.30
1517245200.c2.snap, 0.56, 9.25
1517247000.c2.snap, 0.56, 9.20
1517248800.c2.snap, 0.56, 9.14
1517250600.c2.snap, 0.56, 9.09
1517252400.c2.snap, 0.54, 9.11
1517254200.c2.snap, 0.52, 9.13
1517256000.c2.snap, 0.53, 9.09
1517257800.c2.snap, 0.53, 9.05
1517259600.c2.snap, 0.52, 8.95
1517261400.c2.snap, 0.51, 8.85
1517263200.c2.snap, 0.52, 8.99
1517265000.c2.snap, 0.53, 9.14
1517266800.c2.snap, 0.54, 8.80
1517268600.c2.snap, 0.55, 8.47
1517270400.c2.snap, 0.56, 8.75
1517272200.c2.snap, 0.56, 9.04
1517326200.c2.snap, 0.59, 12.55
1517328000.c2.snap, 0.58, 12.79
1517329800.c2.snap, 0.57, 13.03
